,Word,Uncertainty,Litigious,Positive,Negative
0,abandon,0,0,0,1
1,abandoned,0,0,0,1
2,abandoning,0,0,0,1
3,abandonment,0,0,0,1
4,abandonments,0,0,0,1
5,abandons,0,0,0,1
6,abdicated,0,0,0,0
7,abdicates,0,0,0,0
8,abdicating,0,0,0,0
9,abdication,0,0,0,0
10,abdications,0,0,0,0
11,aberrant,0,0,0,1
12,aberration,0,0,0,0
13,aberrational,0,0,0,0
14,aberrations,0,0,0,1
15,abetting,0,0,0,0
16,abeyance,0,0,0,0
17,abeyances,0,0,0,0
18,able,0,0,0,0
19,abnormal,0,0,0,1
20,abnormalities,0,0,0,1
21,abnormality,0,0,0,0
22,abnormally,0,0,0,0
23,abolish,0,0,0,0
24,abolished,0,1,0,0
25,abolishes,0,0,0,0
26,abolishing,0,0,0,0
27,abovementioned,0,0,0,0
28,abrogate,0,0,0,0
29,abrogated,0,0,0,0
30,abrogates,0,0,0,0
31,abrogating,0,0,0,0
32,abrogation,0,0,0,0
33,abrogations,0,0,0,0
34,abrupt,0,0,0,1
35,abruptly,0,0,0,1
36,abruptness,0,0,0,0
37,absence,0,0,0,1
38,absences,0,0,0,0
39,absenteeism,0,0,0,1
40,absolve,0,0,0,0
41,absolved,0,0,0,0
42,absolves,0,0,0,0
43,absolving,0,0,0,0
44,abundance,0,0,0,0
45,abundant,0,0,1,0
46,abuse,0,0,0,0
47,abused,0,0,0,1
48,abuses,0,0,0,1
49,abusing,0,0,0,1
50,abusive,0,0,0,1
51,abusively,0,0,0,0
52,abusiveness,0,0,0,0
53,accession,0,0,0,0
54,accessions,0,0,0,0
55,accident,0,0,0,0
56,accidental,0,0,0,1
57,accidentally,0,0,0,1
58,accidents,0,0,0,1
59,acclaimed,0,0,0,0
60,accomplish,0,0,1,0
61,accomplished,0,0,1,0
62,accomplishes,0,0,1,0
63,accomplishing,0,0,0,0
64,accomplishment,0,0,1,0
65,accomplishments,0,0,1,0
66,accusation,0,0,0,0
67,accusations,0,0,0,0
68,accuse,0,0,0,0
69,accused,0,0,0,1
70,accuses,0,0,0,0
71,accusing,0,0,0,0
72,achieve,0,0,1,0
73,achieved,0,0,1,0
74,achievement,0,0,1,0
75,achievements,0,0,0,0
76,achieves,0,0,1,0
77,achieving,0,0,1,0
78,acquiesce,0,0,0,0
79,acquiesced,0,0,0,1
80,acquiesces,0,0,0,0
81,acquiescing,0,0,0,0
82,acquirees,0,0,0,0
83,acquirors,0,0,0,0
84,acquit,0,0,0,0
85,acquits,0,0,0,0
86,acquittal,0,0,0,0
87,acquittals,0,0,0,0
88,acquittance,0,0,0,0
89,acquittances,0,0,0,0
90,acquitted,0,0,0,0
91,acquitting,0,0,0,0
92,addendums,0,1,0,0
93,adequately,0,0,0,0
94,adjourn,0,1,0,0
95,adjourned,0,0,0,0
96,adjourning,0,0,0,0
97,adjournment,0,1,0,0
98,adjournments,0,0,0,0
99,adjourns,0,0,0,0
100,adjudge,0,0,0,0
101,adjudged,0,0,0,0
102,adjudges,0,0,0,0
103,adjudging,0,0,0,0
104,adjudicate,0,1,0,0
105,adjudicated,0,0,0,0
106,adjudicates,0,0,0,0
107,adjudicating,0,1,0,0
108,adjudication,0,1,0,0
109,adjudications,0,0,0,0
110,adjudicative,0,0,0,0
111,adjudicator,0,0,0,0
112,adjudicators,0,0,0,0
113,adjudicatory,0,1,0,0
114,admissibility,0,0,0,0
115,admissible,0,1,0,0
116,admissibly,0,0,0,0
117,admission,0,0,0,0
118,admissions,0,0,0,0
119,adulterate,0,0,0,0
120,adulterated,0,0,0,1
121,adulterating,0,0,0,0
122,adulteration,0,0,0,1
123,adulterations,0,0,0,0
124,advancement,0,0,1,0
125,advancements,0,0,1,0
126,advances,0,0,0,0
127,advancing,0,0,1,0
128,advantage,0,0,1,0
129,advantaged,0,0,0,0
130,advantageous,0,0,1,0
131,advantageously,0,0,0,0
132,advantages,0,0,1,0
133,adversarial,0,0,0,0
134,adversaries,0,0,0,0
135,adversary,0,0,0,0
136,adverse,0,0,0,0
137,adversely,0,0,0,1
138,adversities,0,0,0,1
139,adversity,0,0,0,0
140,affidavit,0,1,0,0
141,affidavits,0,1,0,0
142,affirmance,0,1,0,0
143,affreightment,0,0,0,0
144,aforedescribed,0,0,0,0
145,aforementioned,0,0,0,0
146,aforesaid,0,1,0,0
147,aforestated,0,0,0,0
148,aftermath,0,0,0,1
149,aftermaths,0,0,0,0
150,against,0,0,0,0
151,aggravate,0,0,0,1
152,aggravated,0,0,0,1
153,aggravates,0,0,0,0
154,aggravating,0,0,0,1
155,aggravation,0,0,0,1
156,aggravations,0,0,0,0
157,aggrieved,0,0,0,0
158,alerted,0,0,0,1
159,alerting,0,0,0,1
160,alienate,0,0,0,1
161,alienated,0,0,0,0
162,alienates,0,0,0,0
163,alienating,0,0,0,0
164,alienation,0,0,0,0
165,alienations,0,0,0,0
166,allegation,0,0,0,0
167,allegations,0,0,0,0
168,allege,0,0,0,0
169,alleged,0,0,0,0
170,allegedly,0,0,0,1
171,alleges,0,0,0,0
172,alleging,0,0,0,0
173,alliance,0,0,1,0
174,alliances,0,0,1,0
175,almost,0,0,0,0
176,alteration,0,0,0,0
177,alterations,0,0,0,0
178,ambiguities,0,0,0,0
179,ambiguity,0,0,0,0
180,ambiguous,0,0,0,0
181,amend,0,1,0,0
182,amendable,0,0,0,0
183,amendatory,0,1,0,0
184,amended,0,1,0,0
185,amending,0,0,0,0
186,amendment,0,1,0,0
187,amendments,0,0,0,0
188,amends,0,0,0,0
189,annoy,0,0,0,0
190,annoyance,0,0,0,0
191,annoyances,0,0,0,0
192,annoyed,0,0,0,0
193,annoying,0,0,0,1
194,annoys,0,0,0,0
195,annul,0,0,0,0
196,annulled,0,1,0,0
197,annulling,0,0,0,0
198,annulment,0,1,0,0
199,annulments,0,0,0,0
200,annuls,0,0,0,0
201,anomalies,0,0,0,0
202,anomalous,0,0,0,0
203,anomalously,0,0,0,0
204,anomaly,0,0,0,1
205,antecedent,0,0,0,0
206,antecedents,0,0,0,0
207,anticipate,1,0,0,0
208,anticipated,1,0,0,0
209,anticipates,1,0,0,0
210,anticipating,0,0,0,0
211,anticipation,0,0,0,0
212,anticipations,0,0,0,0
213,anticompetitive,0,0,0,1
214,anticorruption,0,0,0,0
215,antitrust,0,0,0,0
216,anywise,0,0,0,0
217,apparent,0,0,0,0
218,apparently,0,0,0,1
219,appeal,0,0,0,0
220,appealable,0,0,0,0
221,appealed,0,0,0,0
222,appealing,0,0,1,0
223,appeals,0,1,0,0
224,appear,0,0,0,0
225,appeared,0,0,0,0
226,appearing,0,0,0,0
227,appears,1,0,0,0
228,appellant,0,0,0,0
229,appellants,0,1,0,0
230,appellate,0,1,0,0
231,appellees,0,0,0,0
232,appointor,0,0,0,0
233,approximate,1,0,0,0
234,approximated,1,0,0,0
235,approximately,1,0,0,0
236,approximates,1,0,0,0
237,approximating,1,0,0,0
238,approximation,0,0,0,0
239,approximations,1,0,0,0
240,appurtenance,0,0,0,0
241,appurtenances,0,0,0,0
242,appurtenant,0,0,0,0
243,arbitrability,0,0,0,0
244,arbitral,0,0,0,0
245,arbitrarily,0,0,0,0
246,arbitrariness,0,0,0,0
247,arbitrary,0,0,0,0
248,arbitrate,0,1,0,0
249,arbitrated,0,1,0,0
250,arbitrates,0,0,0,0
251,arbitrating,0,1,0,0
252,arbitration,0,1,0,0
253,arbitrational,0,0,0,0
254,arbitrations,0,1,0,0
255,arbitrative,0,0,0,0
256,arbitrator,0,1,0,0
257,arbitrators,0,1,0,0
258,argue,0,0,0,1
259,argued,0,0,0,0
260,arguing,0,0,0,0
261,argument,0,0,0,0
262,argumentative,0,0,0,0
263,arguments,0,0,0,0
264,arrearage,0,0,0,0
265,arrearages,0,0,0,0
266,arrears,0,0,0,0
267,arrest,0,0,0,1
268,arrested,0,0,0,1
269,arrests,0,0,0,0
270,artificially,0,0,0,1
271,ascendancy,0,0,0,0
272,ascendant,0,0,0,0
273,ascendants,0,0,0,0
274,assault,0,0,0,0
275,assaulted,0,0,0,0
276,assaulting,0,0,0,0
277,assaults,0,0,0,1
278,assertable,0,0,0,0
279,assertions,0,0,0,0
280,assignation,0,0,0,0
281,assignations,0,0,0,0
282,assumable,0,0,0,0
283,assume,1,0,0,0
284,assumed,1,0,0,0
285,assumes,1,0,0,0
286,assuming,1,0,0,0
287,assumption,1,0,0,0
288,assumptions,1,0,0,0
289,assure,0,0,0,0
290,assured,0,0,0,0
291,assures,0,0,1,0
292,assuring,0,0,0,0
293,attain,0,0,1,0
294,attained,0,0,1,0
295,attaining,0,0,1,0
296,attainment,0,0,0,0
297,attainments,0,0,0,0
298,attains,0,0,1,0
299,attest,0,0,0,0
300,attestation,0,0,0,0
301,attestations,0,0,0,0
302,attested,0,0,0,0
303,attesting,0,1,0,0
304,attorn,0,0,0,0
305,attorney,0,0,0,0
306,attorneys,0,0,0,0
307,attornment,0,0,0,0
308,attorns,0,0,0,0
309,attractive,0,0,1,0
310,attractiveness,0,0,0,0
311,attrition,0,0,0,1
312,aversely,0,0,0,1
313,backdating,0,0,0,1
314,bad,0,0,0,0
315,bail,0,0,0,0
316,bailed,0,0,0,0
317,bailee,0,0,0,0
318,bailees,0,0,0,0
319,bailiff,0,0,0,0
320,bailiffs,0,0,0,0
321,bailment,0,0,0,0
322,bailout,0,0,0,1
323,balk,0,0,0,0
324,balked,0,0,0,0
325,bankrupt,0,0,0,1
326,bankruptcies,0,0,0,1
327,bankruptcy,0,1,0,0
328,bankrupted,0,0,0,0
329,bankrupting,0,0,0,0
330,bankrupts,0,0,0,0
331,bans,0,0,0,1
332,barred,0,0,0,1
333,barrier,0,0,0,0
334,barriers,0,0,0,0
335,beautiful,0,0,1,0
336,beautifully,0,0,0,0
337,believe,1,0,0,0
338,believed,1,0,0,0
339,believes,1,0,0,0
340,believing,0,0,0,0
341,beneficial,0,0,0,0
342,beneficially,0,0,0,0
343,beneficiated,0,0,0,0
344,beneficiation,0,0,0,0
345,benefit,0,0,0,0
346,benefited,0,0,1,0
347,benefiting,0,0,1,0
348,benefitted,0,0,1,0
349,benefitting,0,0,1,0
350,best,0,0,1,0
351,better,0,0,1,0
352,bolstered,0,0,1,0
353,bolstering,0,0,0,0
354,bolsters,0,0,0,0
355,bona,0,0,0,0
356,bonafide,0,0,0,0
357,boom,0,0,0,0
358,booming,0,0,1,0
359,boost,0,0,1,0
360,boosted,0,0,1,0
361,bottleneck,0,0,0,1
362,bottlenecks,0,0,0,1
363,boycott,0,0,0,1
364,boycotted,0,0,0,0
365,boycotting,0,0,0,0
366,boycotts,0,0,0,1
367,breach,0,0,0,1
368,breached,0,0,0,1
369,breaches,0,0,0,1
370,breaching,0,0,0,0
371,break,0,0,0,1
372,breakage,0,0,0,0
373,breakages,0,0,0,0
374,breakdown,0,0,0,1
375,breakdowns,0,0,0,1
376,breaking,0,0,0,0
377,breaks,0,0,0,1
378,breakthrough,0,0,1,0
379,breakthroughs,0,0,1,0
380,bribe,0,0,0,1
381,bribed,0,0,0,0
382,briberies,0,0,0,0
383,bribery,0,0,0,0
384,bribes,0,0,0,1
385,bribing,0,0,0,1
386,bridge,0,0,0,0
387,brilliant,0,0,1,0
388,broken,0,0,0,0
389,burden,0,0,0,0
390,burdened,0,0,0,0
391,burdening,0,0,0,1
392,burdens,0,0,0,0
393,burdensome,0,0,0,1
394,burned,0,0,0,0
395,calamities,0,0,0,1
396,calamitous,0,0,0,0
397,calamity,0,0,0,1
398,cancel,0,0,0,1
399,canceled,0,0,0,1
400,canceling,0,0,0,1
401,cancellation,0,0,0,1
402,cancellations,0,0,0,1
403,cancelled,0,0,0,1
404,cancelling,0,0,0,1
405,cancels,0,0,0,1
406,careless,0,0,0,0
407,carelessly,0,0,0,0
408,carelessness,0,0,0,0
409,catastrophe,0,0,0,0
410,catastrophes,0,0,0,0
411,catastrophic,0,0,0,1
412,catastrophically,0,0,0,0
413,caution,0,0,0,0
414,cautionary,0,0,0,0
415,cautioned,0,0,0,0
416,cautioning,0,0,0,1
417,cautions,0,0,0,0
418,cautious,0,0,0,0
419,cautiously,0,0,0,0
420,cautiousness,0,0,0,1
421,cease,0,0,0,1
422,ceased,0,0,0,0
423,ceases,0,0,0,1
424,ceasing,0,0,0,1
425,cedant,0,1,0,0
426,cedants,0,1,0,0
427,censure,0,0,0,0
428,censured,0,0,0,0
429,censures,0,0,0,0
430,censuring,0,0,0,0
431,certiorari,0,0,0,0
432,cession,0,1,0,0
433,challenge,0,0,0,1
434,challenged,0,0,0,1
435,challenges,0,0,0,0
436,challenging,0,0,0,0
437,chargeoffs,0,0,0,0
438,charitable,0,0,0,0
439,chattel,0,0,0,0
440,chattels,0,0,0,0
441,choate,0,0,0,0
442,circumvent,0,0,0,1
443,circumvented,0,0,0,0
444,circumventing,0,0,0,1
445,circumvention,0,0,0,1
446,circumventions,0,0,0,0
447,circumvents,0,0,0,1
448,claim,0,0,0,0
449,claimable,0,0,0,0
450,claimant,0,0,0,0
451,claimants,0,1,0,0
452,claimholder,0,0,0,0
453,claiming,0,0,0,0
454,claims,0,0,0,0
455,clarification,0,0,0,0
456,clarifications,0,0,0,0
457,clawback,0,0,0,0
458,clawbacks,0,0,0,0
459,closed,0,0,0,0
460,closeout,0,0,0,0
461,closeouts,0,0,0,0
462,closing,0,0,0,0
463,closings,0,0,0,0
464,closure,0,0,0,1
465,closures,0,0,0,1
466,codefendant,0,0,0,0
467,codefendants,0,1,0,0
468,codicil,0,0,0,0
469,codicils,0,0,0,0
470,codification,0,0,0,0
471,codifications,0,0,0,0
472,codified,0,0,0,0
473,codifies,0,0,0,0
474,codify,0,0,0,0
475,codifying,0,0,1,0
476,coerce,0,0,0,1
477,coerced,0,0,0,0
478,coerces,0,0,0,0
479,coercing,0,0,0,0
480,coercion,0,0,0,1
481,coercive,0,0,0,0
482,collaborate,0,0,1,0
483,collaborated,0,0,1,0
484,collaborates,0,0,1,0
485,collaborating,0,0,1,0
486,collaboration,0,0,1,0
487,collaborations,0,0,1,0
488,collaborative,0,0,1,0
489,collaborator,0,0,0,0
490,collaborators,0,0,1,0
491,collapse,0,0,0,1
492,collapsed,0,0,0,1
493,collapses,0,0,0,1
494,collapsing,0,0,0,1
495,collision,0,0,0,0
496,collisions,0,0,0,1
497,collude,0,0,0,0
498,colluded,0,0,0,1
499,colludes,0,0,0,0
500,colluding,0,0,0,0
501,collusion,0,0,0,0
502,collusions,0,0,0,0
503,collusive,0,0,0,1
504,compensatory,0,0,0,0
505,complain,0,0,0,1
506,complainant,0,0,0,0
507,complainants,0,0,0,0
508,complained,0,0,0,0
509,complaining,0,0,0,0
510,complains,0,0,0,0
511,complaint,0,0,0,0
512,complaints,0,0,0,0
513,complicate,0,0,0,1
514,complicated,0,0,0,0
515,complicates,0,0,0,0
516,complicating,0,0,0,0
517,complication,0,0,0,1
518,complications,0,0,0,1
519,compliment,0,0,1,0
520,complimentary,0,0,1,0
521,complimented,0,0,1,0
522,complimenting,0,0,0,0
523,compliments,0,0,1,0
524,compulsion,0,0,0,0
525,concealed,0,0,0,1
526,concealing,0,0,0,0
527,concede,0,0,0,0
528,conceded,0,0,0,0
529,concedes,0,0,0,0
530,conceding,0,0,0,0
531,conceivable,0,0,0,0
532,conceivably,0,0,0,1
533,concern,0,0,0,0
534,concerned,0,0,0,1
535,concerns,0,0,0,1
536,conciliating,0,0,0,0
537,conciliation,0,1,0,0
538,conciliations,0,0,0,0
539,conclusive,0,0,0,0
540,conclusively,0,0,0,0
541,condemn,0,0,0,0
542,condemnation,0,0,0,0
543,condemnations,0,0,0,0
544,condemned,0,0,0,1
545,condemning,0,0,0,0
546,condemnor,0,0,0,0
547,condemns,0,0,0,0
548,conditional,0,0,0,0
549,conditionally,0,1,0,0
550,condone,0,0,0,0
551,condoned,0,0,0,0
552,conducive,0,0,1,0
553,confess,0,0,0,0
554,confessed,0,0,0,0
555,confesses,0,0,0,0
556,confessing,0,0,0,0
557,confession,0,1,0,0
558,confident,0,0,1,0
559,confine,0,0,0,1
560,confined,0,0,0,1
561,confinement,0,0,0,0
562,confinements,0,0,0,0
563,confines,0,0,0,0
564,confining,0,0,0,0
565,confiscate,0,0,0,1
566,confiscated,0,0,0,1
567,confiscates,0,0,0,0
568,confiscating,0,0,0,0
569,confiscation,0,0,0,1
570,confiscations,0,0,0,0
571,confiscatory,0,0,0,0
572,conflict,0,0,0,1
573,conflicted,0,0,0,0
574,conflicting,0,0,0,0
575,conflicts,0,0,0,0
576,confront,0,0,0,1
577,confrontation,0,0,0,0
578,confrontational,0,0,0,0
579,confrontations,0,0,0,0
580,confronted,0,0,0,1
581,confronting,0,0,0,1
582,confronts,0,0,0,0
583,confuse,0,0,0,1
584,confused,0,0,0,1
585,confuses,0,0,0,0
586,confusing,0,0,0,1
587,confusingly,0,0,0,0
588,confusion,0,0,0,1
589,consent,0,0,0,0
590,consented,0,0,0,0
591,consenting,0,1,0,0
592,consents,0,0,0,0
593,conservatorships,0,0,0,0
594,conspiracies,0,0,0,1
595,conspiracy,0,0,0,0
596,conspirator,0,0,0,0
597,conspiratorial,0,0,0,0
598,conspirators,0,0,0,0
599,conspire,0,0,0,0
600,conspired,0,0,0,1
601,conspires,0,0,0,0
602,conspiring,0,0,0,1
603,constitution,0,1,0,0
604,constitutional,0,0,0,0
605,constitutionality,0,1,0,0
606,constitutionally,0,1,0,0
607,constitutions,0,1,0,0
608,constitutive,0,0,0,0
609,constructive,0,0,0,0
610,constructively,0,0,0,1
611,construe,0,0,0,0
612,construed,0,0,0,0
613,construes,0,0,0,0
614,construing,0,0,0,0
615,contempt,0,0,0,0
616,contend,0,0,0,1
617,contended,0,0,0,1
618,contending,0,0,0,0
619,contends,0,0,0,0
620,contention,0,0,0,0
621,contentions,0,1,0,0
622,contentious,0,0,0,0
623,contentiously,0,0,0,0
624,contestability,0,0,0,0
625,contestation,0,0,0,0
626,contested,0,0,0,1
627,contesting,0,0,0,0
628,contingencies,0,1,0,0
629,contingency,0,0,0,0
630,contingent,0,0,0,0
631,contingently,0,0,0,0
632,contingents,0,0,0,0
633,contract,0,1,0,0
634,contracted,0,0,0,0
635,contractholder,0,0,0,0
636,contractholders,0,1,0,0
637,contractible,0,0,0,0
638,contractile,0,0,0,1
639,contracting,0,0,0,0
640,contraction,0,0,0,1
641,contractions,0,0,0,1
642,contracts,0,0,0,0
643,contractual,0,0,0,0
644,contractually,0,0,0,0
645,contradict,0,0,0,0
646,contradicted,0,0,0,0
647,contradicting,0,0,0,0
648,contradiction,0,0,0,0
649,contradictions,0,0,0,0
650,contradictory,0,0,0,0
651,contradicts,0,0,0,0
652,contrary,0,0,0,0
653,contravene,0,0,0,0
654,contravened,0,0,0,0
655,contravenes,0,0,0,0
656,contravening,0,0,0,0
657,contravention,0,0,0,0
658,contraventions,0,0,0,0
659,controversial,0,0,0,0
660,controversies,0,0,0,1
661,controversy,0,0,0,1
662,controvert,0,0,0,0
663,controverted,0,0,0,0
664,controverting,0,0,0,0
665,conveniens,0,0,0,0
666,conveyance,0,1,0,0
667,conveyances,0,1,0,0
668,convict,0,0,0,1
669,convicted,0,0,0,0
670,convicting,0,0,0,0
671,conviction,0,0,0,1
672,convictions,0,0,0,0
673,corrected,0,0,0,1
674,correcting,0,0,0,1
675,correction,0,0,0,1
676,corrections,0,0,0,0
677,corrects,0,0,0,1
678,corrupt,0,0,0,0
679,corrupted,0,0,0,1
680,corrupting,0,0,0,1
681,corruption,0,0,0,0
682,corruptions,0,0,0,0
683,corruptly,0,0,0,0
684,corruptness,0,0,0,0
685,costly,0,0,0,1
686,coterminous,0,0,0,0
687,could,1,0,0,0
688,counsel,0,0,0,0
689,counseled,0,0,0,0
690,counselled,0,0,0,0
691,counsels,0,1,0,0
692,counterclaim,0,0,0,0
693,counterclaimed,0,0,0,0
694,counterclaiming,0,0,0,0
695,counterclaims,0,0,0,0
696,counterfeit,0,0,0,1
697,counterfeited,0,0,0,0
698,counterfeiter,0,0,0,0
699,counterfeiters,0,0,0,1
700,counterfeiting,0,0,0,1
701,counterfeits,0,0,0,1
702,countermeasure,0,0,0,0
703,countermeasures,0,0,0,0
704,countersignor,0,0,0,0
705,countersued,0,0,0,0
706,countersuit,0,0,0,0
707,countersuits,0,0,0,0
708,court,0,1,0,0
709,courteous,0,0,1,0
710,courtroom,0,0,0,0
711,courts,0,1,0,0
712,creative,0,0,1,0
713,creatively,0,0,1,0
714,creativeness,0,0,0,0
715,creativity,0,0,1,0
716,crime,0,0,0,0
717,crimes,0,0,0,0
718,criminal,0,0,0,0
719,criminality,0,0,0,0
720,criminalize,0,0,0,0
721,criminalizing,0,0,0,0
722,criminally,0,0,0,1
723,criminals,0,0,0,1
724,crises,0,0,0,1
725,crisis,0,0,0,1
726,critical,0,0,0,0
727,critically,0,0,0,0
728,criticism,0,0,0,1
729,criticisms,0,0,0,0
730,criticize,0,0,0,0
731,criticized,0,0,0,1
732,criticizes,0,0,0,0
733,criticizing,0,0,0,0
734,crossclaim,0,1,0,0
735,crossclaims,0,0,0,0
736,crossroad,0,0,0,0
737,crossroads,0,0,0,0
738,crucial,0,0,1,0
739,crucially,0,0,0,0
740,culpability,0,0,0,0
741,culpable,0,0,0,0
742,culpably,0,0,0,0
743,cumbersome,0,0,0,0
744,curtail,0,0,0,1
745,curtailed,0,0,0,1
746,curtailing,0,0,0,1
747,curtailment,0,0,0,1
748,curtailments,0,0,0,1
749,curtails,0,0,0,1
750,cut,0,0,0,1
751,cutback,0,0,0,1
752,cutbacks,0,0,0,1
753,cyberattack,0,0,0,1
754,cyberattacks,0,0,0,1
755,cyberbullying,0,0,0,0
756,cybercrime,0,0,0,1
757,cybercrimes,0,0,0,0
758,cybercriminal,0,0,0,0
759,cybercriminals,0,0,0,1
760,damage,0,0,0,1
761,damaged,0,0,0,1
762,damages,0,0,0,0
763,damaging,0,0,0,1
764,dampen,0,0,0,1
765,dampened,0,0,0,0
766,danger,0,0,0,1
767,dangerous,0,0,0,1
768,dangerously,0,0,0,1
769,dangers,0,0,0,1
770,deadlock,0,0,0,1
771,deadlocked,0,0,0,0
772,deadlocking,0,0,0,0
773,deadlocks,0,0,0,1
774,deadweight,0,0,0,0
775,deadweights,0,0,0,0
776,debarment,0,0,0,1
777,debarments,0,0,0,0
778,debarred,0,0,0,1
779,deceased,0,0,0,0
780,decedent,0,0,0,0
781,decedents,0,0,0,0
782,deceit,0,0,0,0
783,deceitful,0,0,0,0
784,deceitfulness,0,0,0,0
785,deceive,0,0,0,1
786,deceived,0,0,0,0
787,deceives,0,0,0,0
788,deceiving,0,0,0,1
789,deception,0,0,0,1
790,deceptions,0,0,0,0
791,deceptive,0,0,0,0
792,deceptively,0,0,0,0
793,declarant,0,0,0,0
794,decline,0,0,0,1
795,declined,0,0,0,0
796,declines,0,0,0,1
797,declining,0,0,0,1
798,decree,0,1,0,0
799,decreed,0,1,0,0
800,decreeing,0,0,0,0
801,decrees,0,0,0,0
802,deface,0,0,0,0
803,defaced,0,0,0,0
804,defacement,0,0,0,0
805,defalcation,0,0,0,1
806,defalcations,0,0,0,1
807,defamation,0,0,0,0
808,defamations,0,0,0,0
809,defamatory,0,0,0,1
810,defame,0,0,0,0
811,defamed,0,0,0,1
812,defames,0,0,0,0
813,defaming,0,0,0,0
814,default,0,0,0,1
815,defaulted,0,0,0,1
816,defaulting,0,0,0,1
817,defaults,0,0,0,1
818,defeasance,0,0,0,0
819,defeasances,0,0,0,0
820,defease,0,1,0,0
821,defeased,0,0,0,0
822,defeasement,0,0,0,0
823,defeases,0,0,0,0
824,defeasing,0,0,0,0
825,defeat,0,0,0,1
826,defeated,0,0,0,0
827,defeating,0,0,0,1
828,defeats,0,0,0,0
829,defect,0,0,0,1
830,defective,0,0,0,1
831,defectively,0,0,0,0
832,defects,0,0,0,1
833,defend,0,0,0,1
834,defendable,0,0,0,0
835,defendant,0,0,0,0
836,defendants,0,0,0,0
837,defended,0,0,0,1
838,defending,0,0,0,0
839,defends,0,0,0,0
840,defensive,0,0,0,1
841,defer,0,0,0,0
842,deference,0,1,0,0
843,deficiencies,0,0,0,1
844,deficiency,0,0,0,0
845,deficient,0,0,0,1
846,deficit,0,0,0,0
847,deficits,0,0,0,1
848,defraud,0,0,0,0
849,defrauded,0,0,0,0
850,defrauding,0,0,0,1
851,defrauds,0,0,0,0
852,defunct,0,0,0,0
853,degradation,0,0,0,1
854,degradations,0,0,0,1
855,degrade,0,0,0,1
856,degraded,0,0,0,1
857,degrades,0,0,0,1
858,degrading,0,0,0,1
859,delay,0,0,0,1
860,delayed,0,0,0,1
861,delaying,0,0,0,1
862,delays,0,0,0,1
863,delegable,0,0,0,0
864,delegatable,0,0,0,0
865,delegatee,0,0,0,0
866,delegees,0,0,0,0
867,deleterious,0,0,0,1
868,deliberate,0,0,0,1
869,deliberated,0,0,0,0
870,deliberately,0,0,0,1
871,delight,0,0,1,0
872,delighted,0,0,0,0
873,delightful,0,0,0,0
874,delightfully,0,0,0,0
875,delighting,0,0,0,0
876,delights,0,0,1,0
877,delinquencies,0,0,0,1
878,delinquency,0,0,0,1
879,delinquent,0,0,0,1
880,delinquently,0,0,0,0
881,delinquents,0,0,0,0
882,delist,0,0,0,1
883,delisted,0,0,0,1
884,delisting,0,0,0,1
885,delists,0,0,0,0
886,demise,0,0,0,1
887,demised,0,0,0,0
888,demises,0,0,0,0
889,demising,0,0,0,0
890,demolish,0,0,0,0
891,demolished,0,0,0,0
892,demolishes,0,0,0,0
893,demolishing,0,0,0,1
894,demolition,0,0,0,1
895,demolitions,0,0,0,0
896,demote,0,0,0,0
897,demoted,0,0,0,0
898,demotes,0,0,0,0
899,demoting,0,0,0,0
900,demotion,0,0,0,0
901,demotions,0,0,0,0
902,demurred,0,0,0,0
903,demurrer,0,0,0,0
904,demurrers,0,0,0,0
905,demurring,0,0,0,0
906,demurs,0,0,0,0
907,denial,0,0,0,1
908,denials,0,0,0,1
909,denied,0,0,0,0
910,denies,0,0,0,1
911,denigrate,0,0,0,0
912,denigrated,0,0,0,0
913,denigrates,0,0,0,0
914,denigrating,0,0,0,0
915,denigration,0,0,0,0
916,deny,0,0,0,1
917,denying,0,0,0,1
918,depend,1,0,0,0
919,dependability,0,0,1,0
920,dependable,0,0,1,0
921,depended,0,0,0,0
922,dependence,0,0,0,0
923,dependencies,0,0,0,0
924,dependency,0,0,0,0
925,dependent,1,0,0,0
926,depending,1,0,0,0
927,depends,1,0,0,0
928,deplete,0,0,0,1
929,depleted,0,0,0,1
930,depletes,0,0,0,1
931,depleting,0,0,0,0
932,depletion,0,0,0,1
933,depletions,0,0,0,0
934,depose,0,0,0,0
935,deposed,0,0,0,0
936,deposes,0,0,0,0
937,deposing,0,0,0,0
938,deposition,0,0,0,0
939,depositional,0,0,0,0
940,depositions,0,0,0,0
941,deprecation,0,0,0,0
942,depress,0,0,0,0
943,depressed,0,0,0,1
944,depresses,0,0,0,1
945,depressing,0,0,0,1
946,deprivation,0,0,0,1
947,deprive,0,0,0,0
948,deprived,0,0,0,1
949,deprives,0,0,0,0
950,depriving,0,0,0,1
951,derelict,0,0,0,0
952,dereliction,0,0,0,0
953,derogate,0,0,0,0
954,derogated,0,0,0,0
955,derogates,0,0,0,0
956,derogating,0,0,0,0
957,derogation,0,0,0,0
958,derogations,0,0,0,0
959,derogatory,0,0,0,1
960,designator,0,0,0,0
961,desirable,0,0,1,0
962,desired,0,0,1,0
963,desist,0,0,0,0
964,despite,0,0,0,0
965,destabilization,0,0,0,1
966,destabilize,0,0,0,1
967,destabilized,0,0,0,0
968,destabilizing,0,0,0,1
969,destined,0,0,0,0
970,destroy,0,0,0,1
971,destroyed,0,0,0,1
972,destroying,0,0,0,1
973,destroys,0,0,0,1
974,destruction,0,0,0,1
975,destructive,0,0,0,1
976,detain,0,0,0,0
977,detained,0,0,0,1
978,detainer,0,0,0,0
979,detention,0,0,0,0
980,detentions,0,0,0,1
981,deter,0,0,0,1
982,deteriorate,0,0,0,1
983,deteriorated,0,0,0,1
984,deteriorates,0,0,0,1
985,deteriorating,0,0,0,1
986,deterioration,0,0,0,1
987,deteriorations,0,0,0,1
988,deterred,0,0,0,1
989,deterrence,0,0,0,1
990,deterrences,0,0,0,0
991,deterrent,0,0,0,1
992,deterrents,0,0,0,1
993,deterring,0,0,0,1
994,deters,0,0,0,1
995,detract,0,0,0,0
996,detracted,0,0,1,0
997,detracting,0,0,0,0
998,detriment,0,0,0,0
999,detrimental,0,0,0,1
1000,detrimentally,0,0,0,1
1001,detriments,0,0,0,0
1002,devalue,0,0,0,1
1003,devalued,0,0,0,1
1004,devalues,0,0,0,0
1005,devaluing,0,0,0,1
1006,devastate,0,0,0,0
1007,devastated,0,0,0,1
1008,devastating,0,0,0,1
1009,devastation,0,0,0,1
1010,deviate,0,0,0,0
1011,deviated,0,0,0,0
1012,deviates,0,0,0,0
1013,deviating,0,0,0,1
1014,deviation,0,0,0,0
1015,deviations,0,0,0,0
1016,devisees,0,0,0,0
1017,devolve,0,0,0,0
1018,devolved,0,0,0,0
1019,devolves,0,0,0,0
1020,devolving,0,0,0,0
1021,differ,0,0,0,0
1022,differed,0,0,0,0
1023,differing,1,0,0,0
1024,differs,0,0,0,0
1025,difficult,0,0,0,0
1026,difficulties,0,0,0,1
1027,difficultly,0,0,0,0
1028,difficulty,0,0,0,1
1029,diligent,0,0,1,0
1030,diligently,0,0,0,0
1031,diminish,0,0,0,1
1032,diminished,0,0,0,1
1033,diminishes,0,0,0,1
1034,diminishing,0,0,0,1
1035,diminution,0,0,0,1
1036,disadvantage,0,0,0,0
1037,disadvantaged,0,0,0,1
1038,disadvantageous,0,0,0,0
1039,disadvantages,0,0,0,1
1040,disaffiliation,0,0,0,0
1041,disaffirm,0,0,0,0
1042,disaffirmance,0,0,0,0
1043,disaffirmed,0,0,0,0
1044,disaffirms,0,0,0,0
1045,disagree,0,0,0,0
1046,disagreeable,0,0,0,0
1047,disagreed,0,0,0,0
1048,disagreeing,0,0,0,0
1049,disagreement,0,0,0,1
1050,disagreements,0,0,0,1
1051,disagrees,0,0,0,0
1052,disallow,0,0,0,1
1053,disallowance,0,0,0,1
1054,disallowances,0,0,0,1
1055,disallowed,0,0,0,1
1056,disallowing,0,0,0,0
1057,disallows,0,0,0,0
1058,disappear,0,0,0,1
1059,disappearance,0,0,0,0
1060,disappearances,0,0,0,0
1061,disappeared,0,0,0,0
1062,disappearing,0,0,0,0
1063,disappears,0,0,0,0
1064,disappoint,0,0,0,1
1065,disappointed,0,0,0,1
1066,disappointing,0,0,0,0
1067,disappointingly,0,0,0,0
1068,disappointment,0,0,0,0
1069,disappointments,0,0,0,0
1070,disappoints,0,0,0,0
1071,disapproval,0,0,0,1
1072,disapprovals,0,0,0,0
1073,disapprove,0,0,0,0
1074,disapproved,0,0,0,0
1075,disapproves,0,0,0,0
1076,disapproving,0,0,0,0
1077,disassociates,0,0,0,0
1078,disassociating,0,0,0,0
1079,disassociation,0,0,0,0
1080,disassociations,0,0,0,0
1081,disaster,0,0,0,1
1082,disasters,0,0,0,1
1083,disastrous,0,0,0,1
1084,disastrously,0,0,0,0
1085,disavow,0,0,0,0
1086,disavowal,0,0,0,0
1087,disavowed,0,0,0,0
1088,disavowing,0,0,0,0
1089,disavows,0,0,0,0
1090,disciplinary,0,0,0,0
1091,disclaim,0,0,0,0
1092,disclaimed,0,0,0,0
1093,disclaimer,0,0,0,0
1094,disclaimers,0,0,0,0
1095,disclaiming,0,0,0,0
1096,disclaims,0,0,0,0
1097,disclose,0,0,0,0
1098,disclosed,0,0,0,0
1099,discloses,0,0,0,0
1100,disclosing,0,0,0,1
1101,discontinuance,0,0,0,1
1102,discontinuances,0,0,0,1
1103,discontinuation,0,0,0,1
1104,discontinuations,0,0,0,1
1105,discontinue,0,0,0,1
1106,discontinued,0,0,0,0
1107,discontinues,0,0,0,1
1108,discontinuing,0,0,0,1
1109,discourage,0,0,0,1
1110,discouraged,0,0,0,1
1111,discourages,0,0,0,0
1112,discouraging,0,0,0,1
1113,discredit,0,0,0,0
1114,discredited,0,0,0,0
1115,discrediting,0,0,0,0
1116,discredits,0,0,0,0
1117,discrepancies,0,0,0,1
1118,discrepancy,0,0,0,1
1119,disfavor,0,0,0,0
1120,disfavored,0,0,0,0
1121,disfavoring,0,0,0,0
1122,disfavors,0,0,0,0
1123,disgorge,0,0,0,0
1124,disgorged,0,0,0,0
1125,disgorgement,0,0,0,0
1126,disgorgements,0,0,0,0
1127,disgorges,0,0,0,0
1128,disgorging,0,0,0,0
1129,disgrace,0,0,0,0
1130,disgraceful,0,0,0,0
1131,disgracefully,0,0,0,0
1132,dishonest,0,0,0,1
1133,dishonestly,0,0,0,0
1134,dishonesty,0,0,0,0
1135,dishonor,0,0,0,0
1136,dishonorable,0,0,0,0
1137,dishonorably,0,0,0,0
1138,dishonored,0,0,0,0
1139,dishonoring,0,0,0,0
1140,dishonors,0,0,0,0
1141,disincentives,0,0,0,0
1142,disinterested,0,0,0,0
1143,disinterestedly,0,0,0,0
1144,disinterestedness,0,0,0,0
1145,disloyal,0,0,0,0
1146,disloyally,0,0,0,0
1147,disloyalty,0,0,0,0
1148,dismal,0,0,0,0
1149,dismally,0,0,0,0
1150,dismiss,0,0,0,0
1151,dismissal,0,0,0,0
1152,dismissals,0,0,0,0
1153,dismissed,0,0,0,0
1154,dismisses,0,0,0,0
1155,dismissing,0,0,0,0
1156,disorderly,0,0,0,1
1157,disparage,0,0,0,0
1158,disparaged,0,0,0,0
1159,disparagement,0,0,0,0
1160,disparagements,0,0,0,0
1161,disparages,0,0,0,0
1162,disparaging,0,0,0,1
1163,disparagingly,0,0,0,0
1164,disparities,0,0,0,0
1165,disparity,0,0,0,0
1166,displace,0,0,0,1
1167,displaced,0,0,0,1
1168,displacement,0,0,0,0
1169,displacements,0,0,0,0
1170,displaces,0,0,0,1
1171,displacing,0,0,0,1
1172,dispose,0,0,0,1
1173,dispositive,0,0,0,0
1174,dispossess,0,0,0,0
1175,dispossessed,0,0,0,0
1176,dispossesses,0,0,0,0
1177,dispossessing,0,0,0,0
1178,dispossession,0,0,0,0
1179,dispossessory,0,0,0,0
1180,disproportion,0,0,0,0
1181,disproportional,0,0,0,0
1182,disproportionate,0,0,0,1
1183,disproportionately,0,0,0,0
1184,dispute,0,0,0,0
1185,disputed,0,0,0,0
1186,disputes,0,0,0,1
1187,disputing,0,0,0,0
1188,disqualification,0,0,0,1
1189,disqualifications,0,0,0,0
1190,disqualified,0,0,0,0
1191,disqualifies,0,0,0,0
1192,disqualify,0,0,0,1
1193,disqualifying,0,0,0,1
1194,disregard,0,0,0,0
1195,disregarded,0,0,0,0
1196,disregarding,0,0,0,1
1197,disregards,0,0,0,0
1198,disreputable,0,0,0,0
1199,disrepute,0,0,0,0
1200,disrupt,0,0,0,1
1201,disrupted,0,0,0,1
1202,disrupting,0,0,0,1
1203,disruption,0,0,0,1
1204,disruptions,0,0,0,1
1205,disruptive,0,0,0,1
1206,disrupts,0,0,0,1
1207,dissatisfaction,0,0,0,1
1208,dissatisfied,0,0,0,1
1209,dissent,0,1,0,0
1210,dissented,0,0,0,0
1211,dissenter,0,1,0,0
1212,dissenters,0,1,0,0
1213,dissenting,0,0,0,0
1214,dissents,0,0,0,0
1215,dissident,0,0,0,0
1216,dissidents,0,0,0,0
1217,dissolution,0,1,0,0
1218,dissolutions,0,0,0,1
1219,distinction,0,0,0,0
1220,distinctions,0,0,0,0
1221,distinctive,0,0,1,0
1222,distinctively,0,0,1,0
1223,distinctiveness,0,0,1,0
1224,distort,0,0,0,1
1225,distorted,0,0,0,1
1226,distorting,0,0,0,1
1227,distortion,0,0,0,1
1228,distortions,0,0,0,1
1229,distorts,0,0,0,1
1230,distract,0,0,0,1
1231,distracted,0,0,0,1
1232,distracting,0,0,0,1
1233,distraction,0,0,0,1
1234,distractions,0,0,0,1
1235,distracts,0,0,0,0
1236,distraint,0,0,0,0
1237,distress,0,0,0,1
1238,distressed,0,0,0,1
1239,distributee,0,0,0,0
1240,distributees,0,1,0,0
1241,disturb,0,0,0,0
1242,disturbance,0,0,0,1
1243,disturbances,0,0,0,1
1244,disturbed,0,0,0,0
1245,disturbing,0,0,0,1
1246,disturbs,0,0,0,0
1247,diversion,0,0,0,1
1248,divert,0,0,0,1
1249,diverted,0,0,0,1
1250,diverting,0,0,0,1
1251,diverts,0,0,0,1
1252,divest,0,0,0,1
1253,divested,0,0,0,1
1254,divesting,0,0,0,1
1255,divestiture,0,0,0,1
1256,divestitures,0,0,0,1
1257,divestment,0,0,0,1
1258,divestments,0,0,0,1
1259,divests,0,0,0,0
1260,divorce,0,0,0,0
1261,divorced,0,0,0,0
1262,divulge,0,0,0,0
1263,divulged,0,0,0,0
1264,divulges,0,0,0,0
1265,divulging,0,0,0,0
1266,docket,0,1,0,0
1267,docketed,0,1,0,0
1268,docketing,0,1,0,0
1269,dockets,0,1,0,0
1270,donees,0,0,0,0
1271,doubt,0,0,0,0
1272,doubted,0,0,0,0
1273,doubtful,0,0,0,0
1274,doubts,0,0,0,0
1275,downgrade,0,0,0,1
1276,downgraded,0,0,0,1
1277,downgrades,0,0,0,1
1278,downgrading,0,0,0,1
1279,downsize,0,0,0,1
1280,downsized,0,0,0,1
1281,downsizes,0,0,0,0
1282,downsizing,0,0,0,1
1283,downsizings,0,0,0,1
1284,downtime,0,0,0,1
1285,downtimes,0,0,0,1
1286,downturn,0,0,0,1
1287,downturns,0,0,0,1
1288,downward,0,0,0,1
1289,downwards,0,0,0,0
1290,drag,0,0,0,0
1291,drastic,0,0,0,1
1292,drastically,0,0,0,0
1293,drawback,0,0,0,1
1294,drawbacks,0,0,0,1
1295,dream,0,0,1,0
1296,dropped,0,0,0,1
1297,drought,0,0,0,1
1298,droughts,0,0,0,1
1299,duly,0,1,0,0
1300,duress,0,0,0,1
1301,dysfunction,0,0,0,0
1302,dysfunctional,0,0,0,1
1303,dysfunctions,0,0,0,0
1304,easier,0,0,1,0
1305,easily,0,0,1,0
1306,easing,0,0,0,1
1307,easy,0,0,1,0
1308,effective,0,0,0,0
1309,efficiencies,0,0,1,0
1310,efficiency,0,0,1,0
1311,efficient,0,0,1,0
1312,efficiently,0,0,1,0
1313,egregious,0,0,0,0
1314,egregiously,0,0,0,0
1315,ejectment,0,0,0,0
1316,embargo,0,0,0,1
1317,embargoed,0,0,0,1
1318,embargoes,0,0,0,1
1319,embargoing,0,0,0,0
1320,embarrass,0,0,0,0
1321,embarrassed,0,0,0,0
1322,embarrasses,0,0,0,0
1323,embarrassing,0,0,0,1
1324,embarrassment,0,0,0,1
1325,embarrassments,0,0,0,0
1326,embezzle,0,0,0,0
1327,embezzled,0,0,0,0
1328,embezzlement,0,0,0,0
1329,embezzlements,0,0,0,0
1330,embezzler,0,0,0,0
1331,embezzles,0,0,0,0
1332,embezzling,0,0,0,0
1333,empower,0,0,1,0
1334,empowered,0,0,0,0
1335,empowering,0,0,1,0
1336,empowers,0,0,1,0
1337,enable,0,0,1,0
1338,enabled,0,0,1,0
1339,enables,0,0,1,0
1340,enabling,0,0,1,0
1341,encouraged,0,0,1,0
1342,encouragement,0,0,0,0
1343,encourages,0,0,1,0
1344,encouraging,0,0,1,0
1345,encroach,0,0,0,0
1346,encroached,0,0,0,0
1347,encroaches,0,0,0,0
1348,encroaching,0,0,0,0
1349,encroachment,0,0,0,1
1350,encroachments,0,0,0,1
1351,encumber,0,0,0,0
1352,encumbered,0,0,0,0
1353,encumbering,0,0,0,0
1354,encumbers,0,0,0,0
1355,encumbrance,0,0,0,0
1356,encumbrancer,0,0,0,0
1357,encumbrancers,0,0,0,0
1358,encumbrances,0,0,0,0
1359,endanger,0,0,0,1
1360,endangered,0,0,0,0
1361,endangering,0,0,0,0
1362,endangerment,0,0,0,0
1363,endangers,0,0,0,0
1364,endorsee,0,0,0,0
1365,enforceability,0,0,0,0
1366,enforceable,0,0,0,0
1367,enforceably,0,0,0,0
1368,enhance,0,0,1,0
1369,enhanced,0,0,1,0
1370,enhancement,0,0,1,0
1371,enhancements,0,0,1,0
1372,enhances,0,0,1,0
1373,enhancing,0,0,1,0
1374,enjoin,0,0,0,0
1375,enjoined,0,0,0,1
1376,enjoining,0,0,0,1
1377,enjoins,0,0,0,1
1378,enjoy,0,0,1,0
1379,enjoyable,0,0,1,0
1380,enjoyably,0,0,0,0
1381,enjoyed,0,0,1,0
1382,enjoying,0,0,1,0
1383,enjoyment,0,0,1,0
1384,enjoys,0,0,1,0
1385,enthusiasm,0,0,1,0
1386,enthusiastic,0,0,1,0
1387,enthusiastically,0,0,1,0
1388,erode,0,0,0,0
1389,eroded,0,0,0,1
1390,erodes,0,0,0,1
1391,eroding,0,0,0,0
1392,erosion,0,0,0,1
1393,erratic,0,0,0,1
1394,erratically,0,0,0,0
1395,erred,0,0,0,0
1396,erring,0,0,0,0
1397,erroneous,0,0,0,1
1398,erroneously,0,0,0,0
1399,error,0,0,0,1
1400,errors,0,0,0,1
1401,errs,0,0,0,0
1402,escalate,0,0,0,1
1403,escalated,0,0,0,0
1404,escalates,0,0,0,0
1405,escalating,0,0,0,0
1406,escheat,0,0,0,0
1407,escheated,0,1,0,0
1408,escheatment,0,0,0,0
1409,escrowing,0,0,0,0
1410,estoppel,0,0,0,0
1411,evade,0,0,0,1
1412,evaded,0,0,0,0
1413,evades,0,0,0,0
1414,evading,0,0,0,0
1415,evasion,0,0,0,0
1416,evasions,0,0,0,0
1417,evasive,0,0,0,1
1418,evict,0,0,0,0
1419,evicted,0,0,0,1
1420,evicting,0,0,0,1
1421,eviction,0,0,0,0
1422,evictions,0,0,0,1
1423,evicts,0,0,0,0
1424,evidential,0,0,0,0
1425,evidentiary,0,0,0,0
1426,exacerbate,0,0,0,1
1427,exacerbated,0,0,0,1
1428,exacerbates,0,0,0,1
1429,exacerbating,0,0,0,1
1430,exacerbation,0,0,0,1
1431,exacerbations,0,0,0,1
1432,exaggerate,0,0,0,0
1433,exaggerated,0,0,0,1
1434,exaggerates,0,0,0,0
1435,exaggerating,0,0,0,0
1436,exaggeration,0,0,0,0
1437,exceedance,0,0,0,0
1438,exceedances,0,0,0,0
1439,exceedences,0,0,0,0
1440,excellence,0,0,1,0
1441,excellent,0,0,1,0
1442,excelling,0,0,0,0
1443,excels,0,0,1,0
1444,exceptional,0,0,1,0
1445,exceptionally,0,0,0,0
1446,excessive,0,0,0,1
1447,excessively,0,0,0,1
1448,excised,0,0,0,1
1449,excited,0,0,0,0
1450,excitement,0,0,1,0
1451,exciting,0,0,1,0
1452,exclusive,0,0,0,0
1453,exclusively,0,0,1,0
1454,exclusiveness,0,0,0,0
1455,exclusives,0,0,1,0
1456,exclusivity,0,0,0,0
1457,exculpate,0,0,0,0
1458,exculpated,0,0,0,0
1459,exculpates,0,0,0,0
1460,exculpating,0,0,0,0
1461,exculpation,0,0,0,0
1462,exculpations,0,0,0,0
1463,exculpatory,0,0,0,0
1464,executor,0,0,0,0
1465,executors,0,1,0,0
1466,executory,0,0,0,0
1467,executrices,0,0,0,0
1468,executrix,0,1,0,0
1469,executrixes,0,0,0,0
1470,exemplary,0,0,0,0
1471,exonerate,0,0,0,0
1472,exonerated,0,0,0,0
1473,exonerates,0,0,0,0
1474,exonerating,0,0,0,0
1475,exoneration,0,0,0,0
1476,exonerations,0,0,0,0
1477,exploit,0,0,1,0
1478,exploitation,0,0,0,0
1479,exploitations,0,0,0,0
1480,exploitative,0,0,0,0
1481,exploited,0,0,0,0
1482,exploiting,0,0,1,0
1483,exploits,0,0,0,0
1484,expose,0,0,0,1
1485,exposed,0,0,0,0
1486,exposes,0,0,0,0
1487,exposing,0,0,0,1
1488,exposure,0,0,0,0
1489,exposures,1,0,0,0
1490,expropriate,0,0,0,1
1491,expropriated,0,0,0,0
1492,expropriates,0,0,0,0
1493,expropriating,0,0,0,0
1494,expropriation,0,0,0,0
1495,expropriations,0,0,0,1
1496,expulsion,0,0,0,1
1497,expulsions,0,0,0,0
1498,extenuating,0,0,0,0
1499,extracontractual,0,0,0,0
1500,extracorporeal,0,0,0,0
1501,extrajudicial,0,0,0,0
1502,facie,0,0,0,0
1503,facto,0,0,0,0
1504,fail,0,0,0,1
1505,failed,0,0,0,1
1506,failing,0,0,0,1
1507,failings,0,0,0,0
1508,fails,0,0,0,1
1509,failure,0,0,0,1
1510,failures,0,0,0,1
1511,fallout,0,0,0,1
1512,false,0,0,0,0
1513,falsely,0,0,0,1
1514,falsification,0,0,0,1
1515,falsifications,0,0,0,0
1516,falsified,0,0,0,1
1517,falsifies,0,0,0,0
1518,falsify,0,0,0,0
1519,falsifying,0,0,0,0
1520,falsity,0,0,0,1
1521,fantastic,0,0,1,0
1522,fatalities,0,0,0,1
1523,fatality,0,0,0,1
1524,fatally,0,0,0,1
1525,fault,0,0,0,1
1526,faulted,0,0,0,0
1527,faults,0,0,0,1
1528,faulty,0,0,0,1
1529,favorable,0,0,1,0
1530,favorably,0,0,1,0
1531,favored,0,0,1,0
1532,favoring,0,0,0,0
1533,favorite,0,0,1,0
1534,favorites,0,0,0,0
1535,fear,0,0,0,1
1536,fears,0,0,0,1
1537,felonies,0,0,0,1
1538,felonious,0,0,0,0
1539,felony,0,0,0,0
1540,fictitious,0,0,0,1
1541,fide,0,0,0,0
1542,fined,0,0,0,1
1543,fines,0,0,0,1
1544,fired,0,0,0,0
1545,firing,0,0,0,0
1546,flaw,0,0,0,1
1547,flawed,0,0,0,1
1548,flaws,0,0,0,1
1549,fluctuate,1,0,0,0
1550,fluctuated,0,0,0,0
1551,fluctuates,1,0,0,0
1552,fluctuating,0,0,0,0
1553,fluctuation,1,0,0,0
1554,fluctuations,1,0,0,0
1555,forbade,0,0,0,0
1556,forbear,0,0,0,0
1557,forbearance,0,1,0,0
1558,forbearances,0,0,0,0
1559,forbearing,0,1,0,0
1560,forbears,0,0,0,0
1561,forbid,0,0,0,1
1562,forbidden,0,0,0,0
1563,forbidding,0,0,0,1
1564,forbids,0,0,0,0
1565,force,0,0,0,0
1566,forced,0,0,0,1
1567,forcing,0,0,0,1
1568,forebear,0,1,0,0
1569,forebearance,0,1,0,0
1570,forebears,0,0,0,0
1571,foreclose,0,0,0,0
1572,foreclosed,0,0,0,1
1573,forecloses,0,0,0,1
1574,foreclosing,0,0,0,0
1575,foreclosure,0,0,0,1
1576,foreclosures,0,0,0,1
1577,forego,0,0,0,1
1578,foregoes,0,0,0,0
1579,foregone,0,0,0,1
1580,forestall,0,0,0,1
1581,forestalled,0,0,0,0
1582,forestalling,0,0,0,0
1583,forestalls,0,0,0,0
1584,forfeit,0,0,0,1
1585,forfeitability,0,0,0,0
1586,forfeitable,0,0,0,0
1587,forfeited,0,0,0,1
1588,forfeiting,0,0,0,1
1589,forfeits,0,0,0,0
1590,forfeiture,0,0,0,0
1591,forfeitures,0,0,0,0
1592,forgers,0,0,0,0
1593,forgery,0,0,0,1
1594,forthwith,0,1,0,0
1595,forwhich,0,0,0,0
1596,fraud,0,0,0,1
1597,frauds,0,0,0,1
1598,fraudulence,0,0,0,0
1599,fraudulent,0,0,0,1
1600,fraudulently,0,0,0,1
1601,friendly,0,0,1,0
1602,frivolous,0,0,0,0
1603,frivolously,0,0,0,0
1604,frustrate,0,0,0,1
1605,frustrated,0,0,0,1
1606,frustrates,0,0,0,0
1607,frustrating,0,0,0,1
1608,frustratingly,0,0,0,0
1609,frustration,0,0,0,1
1610,frustrations,0,0,0,0
1611,fugitive,0,0,0,0
1612,fugitives,0,0,0,0
1613,furtherance,0,0,1,0
1614,gain,0,0,0,1
1615,gained,0,0,1,0
1616,gaining,0,0,1,0
1617,gains,0,0,0,0
1618,good,0,0,0,0
1619,grantor,0,1,0,0
1620,grantors,0,0,0,0
1621,gratuitous,0,0,0,0
1622,gratuitously,0,0,0,0
1623,great,0,0,0,0
1624,greater,0,0,0,0
1625,greatest,0,0,1,0
1626,greatly,0,0,0,0
1627,greatness,0,0,0,0
1628,grievance,0,0,0,0
1629,grievances,0,0,0,0
1630,grossly,0,0,0,1
1631,groundless,0,0,0,1
1632,guilty,0,0,0,0
1633,halt,0,0,0,1
1634,halted,0,0,0,1
1635,hamper,0,0,0,1
1636,hampered,0,0,0,1
1637,hampering,0,0,0,1
1638,hampers,0,0,0,1
1639,happiest,0,0,0,0
1640,happily,0,0,0,0
1641,happiness,0,0,1,0
1642,happy,0,0,1,0
1643,harass,0,0,0,1
1644,harassed,0,0,0,0
1645,harassing,0,0,0,1
1646,harassment,0,0,0,1
1647,hardship,0,0,0,1
1648,hardships,0,0,0,1
1649,harm,0,0,0,1
1650,harmed,0,0,0,0
1651,harmful,0,0,0,1
1652,harmfully,0,0,0,0
1653,harming,0,0,0,1
1654,harms,0,0,0,1
1655,harsh,0,0,0,1
1656,harsher,0,0,0,1
1657,harshest,0,0,0,0
1658,harshly,0,0,0,0
1659,harshness,0,0,0,0
1660,hazard,0,0,0,0
1661,hazardous,0,0,0,0
1662,hazards,0,0,0,1
1663,henceforth,0,0,0,0
1664,henceforward,0,0,0,0
1665,hereafter,0,0,0,0
1666,hereby,0,1,0,0
1667,hereditaments,0,0,0,0
1668,herefor,0,0,0,0
1669,herefore,0,0,0,0
1670,herefrom,0,0,0,0
1671,herein,0,1,0,0
1672,hereinabove,0,1,0,0
1673,hereinafter,0,1,0,0
1674,hereinbefore,0,0,0,0
1675,hereinbelow,0,0,0,0
1676,hereof,0,0,0,0
1677,hereon,0,0,0,0
1678,hereto,0,1,0,0
1679,heretofore,0,0,0,0
1680,hereunder,0,1,0,0
1681,hereunto,0,0,0,0
1682,hereupon,0,0,0,0
1683,herewith,0,1,0,0
1684,herewithin,0,0,0,0
1685,hidden,0,0,0,1
1686,highest,0,0,1,0
1687,hinder,0,0,0,1
1688,hindered,0,0,0,1
1689,hindering,0,0,0,1
1690,hinders,0,0,0,1
1691,hindrance,0,0,0,1
1692,hindrances,0,0,0,0
1693,hinges,0,0,0,0
1694,honor,0,0,0,0
1695,honorable,0,1,0,0
1696,honored,0,0,1,0
1697,honoring,0,0,0,0
1698,honors,0,0,1,0
1699,hostile,0,0,0,1
1700,hostility,0,0,0,0
1701,hurt,0,0,0,1
1702,hurting,0,0,0,1
1703,ideal,0,0,1,0
1704,idle,0,0,0,1
1705,idled,0,0,0,1
1706,idling,0,0,0,1
1707,ignore,0,0,0,0
1708,ignored,0,0,0,1
1709,ignores,0,0,0,1
1710,ignoring,0,0,0,0
1711,ill,0,0,0,1
1712,illegal,0,0,0,1
1713,illegalities,0,0,0,0
1714,illegality,0,0,0,1
1715,illegally,0,0,0,0
1716,illegible,0,0,0,0
1717,illicit,0,0,0,1
1718,illicitly,0,0,0,0
1719,illiquid,0,0,0,1
1720,illiquidity,0,0,0,1
1721,imbalance,0,0,0,1
1722,imbalances,0,0,0,1
1723,immateriality,0,0,0,0
1724,immature,0,0,0,0
1725,immoral,0,0,0,0
1726,impair,0,0,0,1
1727,impaired,0,0,0,1
1728,impairing,0,0,0,1
1729,impairment,0,0,0,0
1730,impairments,0,0,0,1
1731,impairs,0,0,0,1
1732,impasse,0,0,0,0
1733,impasses,0,0,0,1
1734,impede,0,0,0,1
1735,impeded,0,0,0,1
1736,impedes,0,0,0,0
1737,impediment,0,0,0,1
1738,impediments,0,0,0,1
1739,impeding,0,0,0,1
1740,impending,0,0,0,1
1741,imperative,0,0,1,0
1742,imperfection,0,0,0,0
1743,imperfections,0,0,0,1
1744,imperil,0,0,0,0
1745,impermissible,0,0,0,1
1746,impleaded,0,0,0,0
1747,implicate,0,0,0,0
1748,implicated,0,0,0,0
1749,implicates,0,0,0,0
1750,implicating,0,0,0,0
1751,impossibility,0,0,0,0
1752,impossible,0,0,0,0
1753,impound,0,0,0,0
1754,impounded,0,0,0,1
1755,impounding,0,0,0,0
1756,impounds,0,1,0,0
1757,impracticable,0,0,0,0
1758,impractical,0,0,0,0
1759,impracticalities,0,0,0,0
1760,impracticality,0,0,0,0
1761,imprecise,1,0,0,0
1762,imprecision,0,0,0,0
1763,imprecisions,0,0,0,0
1764,impress,0,0,0,0
1765,impressed,0,0,1,0
1766,impresses,0,0,0,0
1767,impressing,0,0,0,0
1768,impressive,0,0,1,0
1769,impressively,0,0,0,0
1770,imprisonment,0,0,0,1
1771,improbability,0,0,0,0
1772,improbable,0,0,0,0
1773,improper,0,0,0,1
1774,improperly,0,0,0,1
1775,improprieties,0,0,0,0
1776,impropriety,0,0,0,0
1777,improve,0,0,1,0
1778,improved,0,0,1,0
1779,improvement,0,0,1,0
1780,improvements,0,0,1,0
1781,improves,0,0,1,0
1782,improving,0,0,1,0
1783,imprudent,0,0,0,1
1784,imprudently,0,0,0,1
1785,inability,0,0,0,1
1786,inaccessible,0,0,0,1
1787,inaccuracies,0,0,0,1
1788,inaccuracy,0,0,0,1
1789,inaccurate,0,0,0,1
1790,inaccurately,0,0,0,1
1791,inaction,0,0,0,1
1792,inactions,0,0,0,0
1793,inactivate,0,0,0,0
1794,inactivated,0,0,0,0
1795,inactivates,0,0,0,0
1796,inactivating,0,0,0,0
1797,inactivation,0,0,0,0
1798,inactivations,0,0,0,0
1799,inactivity,0,0,0,1
1800,inadequacies,0,0,0,1
1801,inadequacy,0,0,0,1
1802,inadequate,0,0,0,1
1803,inadequately,0,0,0,0
1804,inadvertent,0,0,0,1
1805,inadvertently,0,0,0,1
1806,inadvisability,0,0,0,0
1807,inadvisable,0,0,0,0
1808,inappropriate,0,0,0,1
1809,inappropriately,0,0,0,1
1810,inasmuch,0,0,0,0
1811,inattention,0,0,0,0
1812,incapable,0,0,0,1
1813,incapacitated,0,0,0,1
1814,incapacity,0,0,0,1
1815,incarcerate,0,0,0,0
1816,incarcerated,0,0,0,0
1817,incarcerates,0,0,0,0
1818,incarcerating,0,0,0,0
1819,incarceration,0,0,0,0
1820,incarcerations,0,0,0,0
1821,inchoate,0,0,0,0
1822,incidence,0,0,0,1
1823,incidences,0,0,0,1
1824,incident,0,0,0,1
1825,incidents,0,0,0,1
1826,incompatibilities,0,0,0,1
1827,incompatibility,0,0,0,1
1828,incompatible,0,0,0,1
1829,incompetence,0,1,0,0
1830,incompetency,0,0,0,0
1831,incompetent,0,0,0,1
1832,incompetently,0,0,0,0
1833,incompetents,0,1,0,0
1834,incomplete,0,0,0,1
1835,incompletely,0,0,0,0
1836,incompleteness,0,0,0,0
1837,inconclusive,0,0,0,0
1838,inconsistencies,0,0,0,1
1839,inconsistency,0,0,0,1
1840,inconsistent,0,0,0,0
1841,inconsistently,0,0,0,1
1842,incontestability,0,0,0,0
1843,incontestable,0,0,0,0
1844,inconvenience,0,0,0,1
1845,inconveniences,0,0,0,1
1846,inconvenient,0,0,0,1
1847,incorrect,0,0,0,1
1848,incorrectly,0,0,0,1
1849,incorrectness,0,0,0,0
1850,incredible,0,0,0,0
1851,incredibly,0,0,1,0
1852,indecency,0,0,0,0
1853,indecent,0,0,0,1
1854,indefeasible,0,0,0,0
1855,indefeasibly,0,0,0,0
1856,indefinite,0,0,0,0
1857,indefinitely,0,0,0,0
1858,indefiniteness,0,0,0,0
1859,indemnifiable,0,1,0,0
1860,indemnification,0,1,0,0
1861,indemnifications,0,1,0,0
1862,indemnified,0,0,0,0
1863,indemnifies,0,0,0,0
1864,indemnify,0,0,0,0
1865,indemnifying,0,0,0,0
1866,indemnitee,0,1,0,0
1867,indemnitees,0,1,0,0
1868,indemnities,0,1,0,0
1869,indemnitor,0,1,0,0
1870,indemnitors,0,0,0,0
1871,indemnity,0,1,0,0
1872,indeterminable,1,0,0,0
1873,indeterminate,0,0,0,0
1874,indict,0,0,0,0
1875,indictable,0,0,0,0
1876,indicted,0,0,0,0
1877,indicting,0,0,0,0
1878,indictment,0,0,0,0
1879,indictments,0,0,0,0
1880,indorsees,0,0,0,0
1881,ineffective,0,0,0,1
1882,ineffectively,0,0,0,1
1883,ineffectiveness,0,0,0,0
1884,inefficiencies,0,0,0,1
1885,inefficiency,0,0,0,1
1886,inefficient,0,0,0,1
1887,inefficiently,0,0,0,1
1888,ineligibility,0,0,0,0
1889,ineligible,0,0,0,1
1890,inequitable,0,0,0,0
1891,inequitably,0,0,0,0
1892,inequities,0,0,0,1
1893,inequity,0,0,0,0
1894,inevitable,0,0,0,0
1895,inexact,0,0,0,0
1896,inexactness,0,0,0,0
1897,inexperience,0,0,0,1
1898,inexperienced,0,0,0,0
1899,inferior,0,0,0,1
1900,inflicted,0,0,0,1
1901,influential,0,0,1,0
1902,inforce,0,0,0,0
1903,informative,0,0,1,0
1904,infraction,0,0,0,0
1905,infractions,0,0,0,1
1906,infringe,0,0,0,0
1907,infringed,0,0,0,1
1908,infringement,0,0,0,1
1909,infringements,0,0,0,1
1910,infringer,0,0,0,0
1911,infringes,0,0,0,1
1912,infringing,0,0,0,1
1913,ingenuity,0,0,1,0
1914,inhibited,0,0,0,1
1915,inimical,0,0,0,0
1916,injunction,0,0,0,0
1917,injunctions,0,0,0,1
1918,injunctive,0,0,0,0
1919,injure,0,0,0,1
1920,injured,0,0,0,1
1921,injures,0,0,0,0
1922,injuries,0,0,0,1
1923,injuring,0,0,0,1
1924,injurious,0,0,0,0
1925,injury,0,0,0,1
1926,innovate,0,0,1,0
1927,innovated,0,0,0,0
1928,innovates,0,0,0,0
1929,innovating,0,0,1,0
1930,innovation,0,0,1,0
1931,innovations,0,0,1,0
1932,innovative,0,0,1,0
1933,innovativeness,0,0,0,0
1934,innovator,0,0,1,0
1935,innovators,0,0,1,0
1936,inordinate,0,0,0,1
1937,inordinately,0,0,0,0
1938,inquiry,0,0,0,0
1939,insecure,0,0,0,1
1940,insensitive,0,0,0,0
1941,insightful,0,0,1,0
1942,insofar,0,0,0,0
1943,insolvencies,0,0,0,1
1944,insolvency,0,0,0,1
1945,insolvent,0,0,0,1
1946,inspiration,0,0,1,0
1947,inspirational,0,0,1,0
1948,instabilities,0,0,0,1
1949,instability,0,0,0,1
1950,insubordination,0,0,0,0
1951,insufficiency,0,0,0,1
1952,insufficient,0,0,0,0
1953,insufficiently,0,0,0,0
1954,insurrection,0,0,0,1
1955,insurrections,0,0,0,1
1956,intangible,0,0,0,0
1957,intangibles,0,0,0,0
1958,integrity,0,0,0,0
1959,intentional,0,0,0,1
1960,interfere,0,0,0,1
1961,interfered,0,0,0,1
1962,interference,0,0,0,1
1963,interferences,0,0,0,0
1964,interferes,0,0,0,1
1965,interfering,0,0,0,1
1966,interlocutory,0,1,0,0
1967,intermittent,0,0,0,1
1968,intermittently,0,0,0,1
1969,interpleader,0,1,0,0
1970,interpose,0,0,0,0
1971,interposed,0,1,0,0
1972,interposes,0,0,0,0
1973,interposing,0,0,0,0
1974,interposition,0,0,0,0
1975,interpositions,0,0,0,0
1976,interrogate,0,0,0,0
1977,interrogated,0,0,0,0
1978,interrogates,0,0,0,0
1979,interrogating,0,0,0,0
1980,interrogation,0,0,0,0
1981,interrogations,0,0,0,0
1982,interrogator,0,0,0,0
1983,interrogatories,0,0,0,0
1984,interrogators,0,0,0,0
1985,interrogatory,0,0,0,0
1986,interrupt,0,0,0,1
1987,interrupted,0,0,0,1
1988,interrupting,0,0,0,1
1989,interruption,0,0,0,1
1990,interruptions,0,0,0,1
1991,interrupts,0,0,0,1
1992,intestacy,0,0,0,0
1993,intestate,0,0,0,0
1994,intimidation,0,0,0,1
1995,intrusion,0,0,0,1
1996,invalid,0,0,0,1
1997,invalidate,0,0,0,0
1998,invalidated,0,0,0,0
1999,invalidates,0,0,0,0
2000,invalidating,0,0,0,0
2001,invalidation,0,0,0,1
2002,invalidity,0,0,0,0
2003,invent,0,0,0,0
2004,invented,0,0,1,0
2005,inventing,0,0,1,0
2006,invention,0,0,1,0
2007,inventions,0,0,1,0
2008,inventive,0,0,1,0
2009,inventiveness,0,0,1,0
2010,inventor,0,0,1,0
2011,inventors,0,0,1,0
2012,investigate,0,0,0,0
2013,investigated,0,0,0,0
2014,investigates,0,0,0,0
2015,investigating,0,0,0,0
2016,investigation,0,0,0,0
2017,investigations,0,0,0,0
2018,involuntarily,0,0,0,0
2019,involuntary,0,0,0,1
2020,irreconcilable,0,0,0,0
2021,irreconcilably,0,0,0,0
2022,irrecoverable,0,0,0,0
2023,irrecoverably,0,0,0,0
2024,irregular,0,0,0,1
2025,irregularities,0,0,0,1
2026,irregularity,0,0,0,1
2027,irregularly,0,0,0,0
2028,irreparable,0,0,0,1
2029,irreparably,0,0,0,1
2030,irreversible,0,0,0,1
2031,irrevocability,0,0,0,0
2032,irrevocable,0,1,0,0
2033,irrevocably,0,1,0,0
2034,jeopardize,0,0,0,1
2035,jeopardized,0,0,0,1
2036,joinder,0,1,0,0
2037,judicial,0,1,0,0
2038,judicially,0,0,0,0
2039,judiciaries,0,0,0,0
2040,judiciary,0,0,0,0
2041,juries,0,0,0,0
2042,juris,0,0,0,0
2043,jurisdiction,0,0,0,0
2044,jurisdictional,0,1,0,0
2045,jurisdictionally,0,0,0,0
2046,jurisdictions,0,0,0,0
2047,jurisprudence,0,0,0,0
2048,jurist,0,0,0,0
2049,jurists,0,0,0,0
2050,juror,0,0,0,0
2051,jurors,0,0,0,0
2052,jury,0,0,0,0
2053,juryman,0,0,0,0
2054,justice,0,0,0,0
2055,justices,0,0,0,0
2056,justifiable,0,0,0,0
2057,kickback,0,0,0,0
2058,kickbacks,0,0,0,1
2059,knowingly,0,0,0,0
2060,lack,0,0,0,1
2061,lacked,0,0,0,1
2062,lacking,0,0,0,1
2063,lackluster,0,0,0,1
2064,lacks,0,0,0,0
2065,lag,0,0,0,0
2066,lagged,0,0,0,0
2067,lagging,0,0,0,1
2068,lags,0,0,0,1
2069,lapse,0,0,0,1
2070,lapsed,0,0,0,0
2071,lapses,0,0,0,1
2072,lapsing,0,0,0,1
2073,late,0,0,0,0
2074,laundering,0,0,0,0
2075,law,0,1,0,0
2076,lawful,0,0,0,0
2077,lawfully,0,0,0,0
2078,lawfulness,0,0,0,0
2079,lawmakers,0,0,0,0
2080,lawmaking,0,0,0,0
2081,laws,0,1,0,0
2082,lawsuit,0,0,0,0
2083,lawsuits,0,0,0,0
2084,lawyer,0,0,0,0
2085,lawyers,0,0,0,0
2086,layoff,0,0,0,1
2087,layoffs,0,0,0,1
2088,leadership,0,0,1,0
2089,leading,0,0,1,0
2090,legal,0,0,0,0
2091,legalese,0,0,0,0
2092,legality,0,0,0,0
2093,legalization,0,0,0,0
2094,legalizations,0,0,0,0
2095,legalize,0,0,0,0
2096,legalized,0,0,0,0
2097,legalizes,0,0,0,0
2098,legalizing,0,0,0,0
2099,legally,0,1,0,0
2100,legals,0,0,0,0
2101,legatee,0,0,0,0
2102,legatees,0,0,0,0
2103,legislate,0,0,0,0
2104,legislated,0,0,0,0
2105,legislates,0,0,0,0
2106,legislating,0,0,0,0
2107,legislation,0,1,0,0
2108,legislations,0,0,0,0
2109,legislative,0,0,0,0
2110,legislatively,0,0,0,0
2111,legislator,0,1,0,0
2112,legislators,0,1,0,0
2113,legislature,0,1,0,0
2114,legislatures,0,0,0,0
2115,libel,0,0,0,0
2116,libeled,0,0,0,0
2117,libelous,0,0,0,0
2118,libels,0,0,0,0
2119,licensable,0,0,0,0
2120,lie,0,0,0,0
2121,lienholders,0,0,0,0
2122,likelihood,1,0,0,0
2123,limitation,0,0,0,1
2124,limitations,0,0,0,0
2125,lingering,0,0,0,1
2126,liquidate,0,0,0,1
2127,liquidated,0,0,0,1
2128,liquidates,0,0,0,1
2129,liquidating,0,0,0,0
2130,liquidation,0,0,0,0
2131,liquidations,0,0,0,1
2132,liquidator,0,0,0,0
2133,liquidators,0,0,0,0
2134,litigant,0,0,0,0
2135,litigants,0,0,0,0
2136,litigate,0,0,0,1
2137,litigated,0,0,0,0
2138,litigates,0,0,0,0
2139,litigating,0,0,0,1
2140,litigation,0,0,0,0
2141,litigations,0,0,0,0
2142,litigator,0,0,0,0
2143,litigators,0,0,0,0
2144,litigious,0,0,0,0
2145,litigiousness,0,0,0,0
2146,lockout,0,0,0,1
2147,lockouts,0,0,0,1
2148,lose,0,0,0,1
2149,loses,0,0,0,1
2150,losing,0,0,0,1
2151,loss,0,0,0,1
2152,losses,0,0,0,1
2153,lost,0,0,0,1
2154,loyal,0,0,1,0
2155,lucrative,0,0,1,0
2156,lying,0,0,0,0
2157,majeure,0,0,0,0
2158,malfeasance,0,0,0,1
2159,malfunction,0,0,0,1
2160,malfunctioned,0,0,0,1
2161,malfunctioning,0,0,0,1
2162,malfunctions,0,0,0,1
2163,malice,0,0,0,1
2164,malicious,0,0,0,1
2165,maliciously,0,0,0,1
2166,malpractice,0,0,0,1
2167,mandamus,0,0,0,0
2168,manipulate,0,0,0,1
2169,manipulated,0,0,0,0
2170,manipulates,0,0,0,0
2171,manipulating,0,0,0,1
2172,manipulation,0,0,0,1
2173,manipulations,0,0,0,1
2174,manipulative,0,0,0,1
2175,markdown,0,0,0,0
2176,markdowns,0,0,0,1
2177,may,1,0,0,0
2178,maybe,0,0,0,0
2179,mediate,0,0,0,0
2180,mediated,0,0,0,1
2181,mediates,0,0,0,0
2182,mediating,0,0,0,0
2183,mediation,0,1,0,0
2184,mediations,0,1,0,0
2185,mediator,0,0,0,0
2186,mediators,0,0,0,1
2187,meritorious,0,0,0,0
2188,might,1,0,0,0
2189,misapplication,0,0,0,1
2190,misapplications,0,0,0,0
2191,misapplied,0,0,0,1
2192,misapplies,0,0,0,0
2193,misapply,0,0,0,0
2194,misapplying,0,0,0,0
2195,misappropriate,0,0,0,1
2196,misappropriated,0,0,0,1
2197,misappropriates,0,0,0,1
2198,misappropriating,0,0,0,1
2199,misappropriation,0,0,0,1
2200,misappropriations,0,0,0,1
2201,misbranded,0,0,0,1
2202,miscalculate,0,0,0,1
2203,miscalculated,0,0,0,0
2204,miscalculates,0,0,0,0
2205,miscalculating,0,0,0,0
2206,miscalculation,0,0,0,1
2207,miscalculations,0,0,0,1
2208,mischaracterization,0,0,0,0
2209,mischief,0,0,0,0
2210,misclassification,0,0,0,1
2211,misclassifications,0,0,0,0
2212,misclassified,0,0,0,1
2213,misclassify,0,0,0,0
2214,miscommunication,0,0,0,1
2215,misconduct,0,0,0,1
2216,misdated,0,0,0,0
2217,misdemeanor,0,0,0,0
2218,misdemeanors,0,0,0,0
2219,misdirected,0,0,0,1
2220,misfeasance,0,0,0,0
2221,mishandle,0,0,0,0
2222,mishandled,0,0,0,1
2223,mishandles,0,0,0,0
2224,mishandling,0,0,0,1
2225,misinform,0,0,0,0
2226,misinformation,0,0,0,1
2227,misinformed,0,0,0,0
2228,misinforming,0,0,0,0
2229,misinforms,0,0,0,0
2230,misinterpret,0,0,0,1
2231,misinterpretation,0,0,0,1
2232,misinterpretations,0,0,0,0
2233,misinterpreted,0,0,0,1
2234,misinterpreting,0,0,0,0
2235,misinterprets,0,0,0,0
2236,misjudge,0,0,0,1
2237,misjudged,0,0,0,0
2238,misjudges,0,0,0,1
2239,misjudging,0,0,0,1
2240,misjudgment,0,0,0,1
2241,misjudgments,0,0,0,1
2242,mislabel,0,0,0,0
2243,mislabeled,0,0,0,1
2244,mislabeling,0,0,0,1
2245,mislabelled,0,0,0,0
2246,mislabels,0,0,0,0
2247,mislead,0,0,0,1
2248,misleading,0,0,0,1
2249,misleadingly,0,0,0,0
2250,misleads,0,0,0,0
2251,misled,0,0,0,1
2252,mismanage,0,0,0,0
2253,mismanaged,0,0,0,1
2254,mismanagement,0,0,0,1
2255,mismanages,0,0,0,1
2256,mismanaging,0,0,0,0
2257,mismatch,0,0,0,1
2258,mismatched,0,0,0,1
2259,mismatches,0,0,0,1
2260,mismatching,0,0,0,1
2261,misplaced,0,0,0,1
2262,misprice,0,0,0,0
2263,mispricing,0,0,0,0
2264,mispricings,0,0,0,0
2265,misrepresent,0,0,0,1
2266,misrepresentation,0,0,0,1
2267,misrepresentations,0,0,0,1
2268,misrepresented,0,0,0,1
2269,misrepresenting,0,0,0,1
2270,misrepresents,0,0,0,0
2271,miss,0,0,0,1
2272,missed,0,0,0,1
2273,misses,0,0,0,0
2274,misstate,0,0,0,1
2275,misstated,0,0,0,1
2276,misstatement,0,0,0,0
2277,misstatements,0,0,0,1
2278,misstates,0,0,0,0
2279,misstating,0,0,0,0
2280,misstep,0,0,0,0
2281,missteps,0,0,0,0
2282,mistake,0,0,0,1
2283,mistaken,0,0,0,0
2284,mistakenly,0,0,0,1
2285,mistakes,0,0,0,1
2286,mistaking,0,0,0,0
2287,mistrial,0,0,0,0
2288,mistrials,0,0,0,0
2289,misunderstand,0,0,0,0
2290,misunderstanding,0,0,0,1
2291,misunderstandings,0,0,0,0
2292,misunderstood,0,0,0,1
2293,misuse,0,0,0,1
2294,misused,0,0,0,1
2295,misuses,0,0,0,1
2296,misusing,0,0,0,1
2297,monopolistic,0,0,0,1
2298,monopolists,0,0,0,0
2299,monopolization,0,0,0,1
2300,monopolize,0,0,0,1
2301,monopolized,0,0,0,1
2302,monopolizes,0,0,0,0
2303,monopolizing,0,0,0,0
2304,monopoly,0,0,0,0
2305,moratoria,0,0,0,1
2306,moratorium,0,0,0,0
2307,moratoriums,0,0,0,1
2308,moreover,0,0,0,0
2309,mothballed,0,0,0,0
2310,mothballing,0,0,0,0
2311,motions,0,0,0,0
2312,mutandis,0,0,0,0
2313,nearly,0,0,0,0
2314,negative,0,0,0,1
2315,negatively,0,0,0,1
2316,negatives,0,0,0,0
2317,neglect,0,0,0,0
2318,neglected,0,0,0,1
2319,neglectful,0,0,0,0
2320,neglecting,0,0,0,0
2321,neglects,0,0,0,0
2322,negligence,0,0,0,1
2323,negligences,0,0,0,0
2324,negligent,0,0,0,0
2325,negligently,0,0,0,1
2326,nolo,0,0,0,0
2327,nonappealable,0,1,0,0
2328,nonassessable,0,0,0,0
2329,nonattainment,0,0,0,0
2330,nonbreaching,0,0,0,0
2331,noncompetitive,0,0,0,1
2332,noncompliance,0,0,0,1
2333,noncompliances,0,0,0,0
2334,noncompliant,0,0,0,1
2335,noncomplying,0,0,0,1
2336,nonconforming,0,0,0,1
2337,nonconformities,0,0,0,0
2338,nonconformity,0,0,0,0
2339,noncontingent,0,0,0,0
2340,noncontract,0,0,0,0
2341,noncontractual,0,0,0,0
2342,noncontributory,0,0,0,0
2343,nondisclosure,0,0,0,0
2344,nonfeasance,0,0,0,0
2345,nonfiduciary,0,0,0,0
2346,nonforfeitability,0,0,0,0
2347,nonforfeitable,0,0,0,0
2348,nonforfeiture,0,0,0,0
2349,nonfunctional,0,0,0,1
2350,nonguarantor,0,1,0,0
2351,noninfringement,0,0,0,0
2352,noninfringing,0,0,0,0
2353,nonjudicial,0,0,0,0
2354,nonjudicially,0,0,0,0
2355,nonjurisdictional,0,0,0,0
2356,nonpayment,0,0,0,1
2357,nonpayments,0,0,0,0
2358,nonperformance,0,0,0,0
2359,nonperformances,0,0,0,0
2360,nonperforming,0,0,0,1
2361,nonproducing,0,0,0,1
2362,nonproductive,0,0,0,0
2363,nonrecoverable,0,0,0,0
2364,nonrenewal,0,0,0,1
2365,nonseverable,0,0,0,0
2366,nonterminable,0,0,0,0
2367,nonusurious,0,0,0,0
2368,notarial,0,0,0,0
2369,notaries,0,0,0,0
2370,notarization,0,0,0,0
2371,notarizations,0,0,0,0
2372,notarize,0,0,0,0
2373,notarized,0,0,0,0
2374,notarizing,0,0,0,0
2375,notary,0,0,0,0
2376,notwithstanding,0,0,0,0
2377,novo,0,0,0,0
2378,nuisance,0,0,0,1
2379,nuisances,0,0,0,0
2380,nullification,0,0,0,0
2381,nullifications,0,0,0,0
2382,nullified,0,0,0,0
2383,nullifies,0,0,0,0
2384,nullify,0,0,0,0
2385,nullifying,0,0,0,0
2386,nullities,0,0,0,0
2387,nullity,0,0,0,0
2388,objected,0,0,0,0
2389,objecting,0,0,0,0
2390,objection,0,0,0,0
2391,objectionable,0,0,0,1
2392,objectionably,0,0,0,0
2393,objections,0,0,0,0
2394,obligee,0,1,0,0
2395,obligees,0,0,0,0
2396,obligor,0,0,0,0
2397,obligors,0,1,0,0
2398,obscene,0,0,0,0
2399,obscenity,0,0,0,0
2400,obsolescence,0,0,0,1
2401,obsolete,0,0,0,1
2402,obstacle,0,0,0,1
2403,obstacles,0,0,0,1
2404,obstruct,0,0,0,0
2405,obstructed,0,0,0,1
2406,obstructing,0,0,0,0
2407,obstruction,0,0,0,1
2408,obstructions,0,0,0,0
2409,occasionally,0,0,0,0
2410,offence,0,0,0,0
2411,offences,0,0,0,0
2412,offend,0,0,0,0
2413,offended,0,0,0,0
2414,offender,0,0,0,0
2415,offenders,0,0,0,0
2416,offending,0,0,0,1
2417,offends,0,0,0,0
2418,offense,0,0,0,0
2419,offeree,0,0,0,0
2420,offerees,0,1,0,0
2421,offeror,0,0,0,0
2422,offerors,0,1,0,0
2423,omission,0,0,0,1
2424,omissions,0,0,0,0
2425,omit,0,0,0,1
2426,omits,0,0,0,0
2427,omitted,0,0,0,0
2428,omitting,0,0,0,1
2429,onerous,0,0,0,0
2430,opportunistic,0,0,1,0
2431,opportunistically,0,0,0,0
2432,opportunities,0,0,1,0
2433,opportunity,0,0,1,0
2434,oppose,0,0,0,1
2435,opposed,0,0,0,0
2436,opposes,0,0,0,1
2437,opposing,0,0,0,0
2438,opposition,0,0,0,0
2439,oppositions,0,0,0,0
2440,optimistic,1,0,0,0
2441,optionee,0,1,0,0
2442,optionees,0,1,0,0
2443,ordinarily,0,0,0,0
2444,outage,0,0,0,1
2445,outages,0,0,0,1
2446,outdated,0,0,0,1
2447,outmoded,0,0,0,1
2448,outperform,0,0,0,0
2449,outperformed,0,0,1,0
2450,outperforming,0,0,1,0
2451,outperforms,0,0,1,0
2452,overage,0,0,0,0
2453,overages,0,0,0,1
2454,overbuild,0,0,0,1
2455,overbuilding,0,0,0,1
2456,overbuilds,0,0,0,0
2457,overbuilt,0,0,0,1
2458,overburden,0,0,0,0
2459,overburdened,0,0,0,1
2460,overburdening,0,0,0,0
2461,overcapacities,0,0,0,0
2462,overcapacity,0,0,0,1
2463,overcharge,0,0,0,0
2464,overcharged,0,0,0,1
2465,overcharges,0,0,0,1
2466,overcharging,0,0,0,1
2467,overcome,0,0,1,0
2468,overcomes,0,0,0,1
2469,overcoming,0,0,0,1
2470,overdue,0,0,0,0
2471,overestimate,0,0,0,1
2472,overestimated,0,0,0,1
2473,overestimates,0,0,0,1
2474,overestimating,0,0,0,0
2475,overestimation,0,0,0,0
2476,overestimations,0,0,0,0
2477,overload,0,0,0,1
2478,overloaded,0,0,0,1
2479,overloading,0,0,0,1
2480,overloads,0,0,0,1
2481,overlook,0,0,0,0
2482,overlooked,0,0,0,1
2483,overlooking,0,0,0,0
2484,overlooks,0,0,0,0
2485,overpaid,0,0,0,1
2486,overpayment,0,0,0,1
2487,overpayments,0,0,0,1
2488,overproduced,0,0,0,1
2489,overproduces,0,0,0,0
2490,overproducing,0,0,0,0
2491,overproduction,0,0,0,1
2492,overrule,0,0,0,0
2493,overruled,0,0,0,0
2494,overrules,0,0,0,0
2495,overruling,0,0,0,0
2496,overrun,0,0,0,1
2497,overrunning,0,0,0,0
2498,overruns,0,0,0,1
2499,overshadow,0,0,0,0
2500,overshadowed,0,0,0,1
2501,overshadowing,0,0,0,0
2502,overshadows,0,0,0,0
2503,overstate,0,0,0,1
2504,overstated,0,0,0,1
2505,overstatement,0,0,0,1
2506,overstatements,0,0,0,0
2507,overstates,0,0,0,1
2508,overstating,0,0,0,0
2509,oversupplied,0,0,0,1
2510,oversupplies,0,0,0,0
2511,oversupply,0,0,0,1
2512,oversupplying,0,0,0,0
2513,overtly,0,0,0,0
2514,overturn,0,0,0,0
2515,overturned,0,0,0,0
2516,overturning,0,0,0,1
2517,overturns,0,0,0,0
2518,overvalue,0,0,0,0
2519,overvalued,0,0,0,1
2520,overvaluing,0,0,0,0
2521,panic,0,0,0,1
2522,panics,0,0,0,0
2523,para,0,1,0,0
2524,pari,0,0,0,0
2525,passu,0,0,0,0
2526,patentee,0,0,0,0
2527,pecuniarily,0,0,0,0
2528,penalize,0,0,0,0
2529,penalized,0,0,0,0
2530,penalizes,0,0,0,0
2531,penalizing,0,0,0,0
2532,penalties,0,0,0,0
2533,penalty,0,0,0,1
2534,pending,0,0,0,0
2535,perfect,0,0,1,0
2536,perfected,0,0,0,0
2537,perfectly,0,0,0,0
2538,perfects,0,0,0,0
2539,perhaps,0,0,0,0
2540,peril,0,0,0,0
2541,perils,0,0,0,0
2542,perjury,0,0,0,0
2543,permittee,0,0,0,1
2544,permittees,0,0,0,0
2545,perpetrate,0,0,0,1
2546,perpetrated,0,0,0,1
2547,perpetrates,0,0,0,0
2548,perpetrating,0,0,0,0
2549,perpetration,0,0,0,0
2550,persist,0,0,0,1
2551,persisted,0,0,0,0
2552,persistence,0,0,0,0
2553,persistent,0,0,0,1
2554,persistently,0,0,0,1
2555,persisting,0,0,0,0
2556,persists,0,0,0,1
2557,personam,0,0,0,0
2558,pervasive,0,0,0,0
2559,pervasively,0,0,0,0
2560,pervasiveness,0,0,0,0
2561,petition,0,0,0,0
2562,petitioned,0,0,0,0
2563,petitioner,0,1,0,0
2564,petitioners,0,1,0,0
2565,petitioning,0,1,0,0
2566,petitions,0,0,0,0
2567,petty,0,0,0,0
2568,picket,0,0,0,1
2569,picketed,0,0,0,0
2570,picketing,0,0,0,1
2571,plaintiff,0,0,0,0
2572,plaintiffs,0,0,0,0
2573,plea,0,0,0,0
2574,plead,0,0,0,0
2575,pleaded,0,0,0,0
2576,pleading,0,0,0,0
2577,pleadings,0,1,0,0
2578,pleads,0,0,0,0
2579,pleas,0,0,0,0
2580,pleasant,0,0,0,0
2581,pleasantly,0,0,0,0
2582,pleased,0,0,1,0
2583,pleasure,0,0,0,0
2584,pled,0,0,0,0
2585,pledgee,0,1,0,0
2586,pledgees,0,0,0,0
2587,pledgor,0,1,0,0
2588,pledgors,0,1,0,0
2589,plentiful,0,0,1,0
2590,poor,0,0,0,1
2591,poorly,0,0,0,1
2592,popular,0,0,1,0
2593,popularity,0,0,0,0
2594,poses,0,0,0,1
2595,posing,0,0,0,1
2596,positive,0,0,1,0
2597,positively,0,0,0,0
2598,possessory,0,0,0,0
2599,possibilities,0,0,0,0
2600,possibility,1,0,0,0
2601,possible,1,0,0,0
2602,possibly,0,0,0,1
2603,postclosing,0,0,0,0
2604,postclosure,0,1,0,0
2605,postcontract,0,0,0,0
2606,postjudgment,0,0,0,0
2607,postpone,0,0,0,1
2608,postponed,0,0,0,1
2609,postponement,0,0,0,1
2610,postponements,0,0,0,1
2611,postpones,0,0,0,1
2612,postponing,0,0,0,1
2613,preamendment,0,0,0,0
2614,precaution,0,0,0,0
2615,precautionary,0,0,0,1
2616,precautions,0,0,0,0
2617,precipitated,0,0,0,1
2618,precipitous,0,0,0,1
2619,precipitously,0,0,0,1
2620,preclude,0,0,0,1
2621,precluded,0,0,0,0
2622,precludes,0,0,0,1
2623,precluding,0,0,0,1
2624,predatory,0,0,0,1
2625,predecease,0,0,0,0
2626,predeceased,0,0,0,0
2627,predeceases,0,0,0,0
2628,predeceasing,0,0,0,0
2629,predict,0,0,0,0
2630,predictability,0,0,1,0
2631,predicted,0,0,0,0
2632,predicting,1,0,0,0
2633,prediction,0,0,0,0
2634,predictions,1,0,0,0
2635,predictive,0,0,0,0
2636,predictor,1,0,0,0
2637,predictors,0,0,0,0
2638,predicts,0,0,0,0
2639,preeminence,0,0,0,0
2640,preeminent,0,0,1,0
2641,prehearing,0,0,0,0
2642,prejudice,0,0,0,0
2643,prejudiced,0,0,0,1
2644,prejudices,0,0,0,0
2645,prejudicial,0,0,0,1
2646,prejudicing,0,0,0,0
2647,preliminarily,0,0,0,0
2648,preliminary,1,0,0,0
2649,premature,0,0,0,1
2650,prematurely,0,0,0,1
2651,premier,0,0,1,0
2652,premiere,0,0,1,0
2653,prepetition,0,0,0,0
2654,pressing,0,0,0,0
2655,prestige,0,0,1,0
2656,prestigious,0,0,1,0
2657,presumably,0,0,0,0
2658,presume,0,0,0,0
2659,presumed,0,0,0,0
2660,presumes,1,0,0,0
2661,presuming,0,0,0,0
2662,presumption,0,0,0,0
2663,presumptions,0,0,0,0
2664,presumptively,0,0,0,0
2665,pretrial,0,0,0,0
2666,preventing,0,0,0,1
2667,prevention,0,0,0,1
2668,prevents,0,0,0,1
2669,prima,0,0,0,0
2670,privity,0,0,0,0
2671,proactive,0,0,1,0
2672,proactively,0,0,1,0
2673,probabilistic,1,0,0,0
2674,probabilities,1,0,0,0
2675,probability,1,0,0,0
2676,probable,1,0,0,0
2677,probably,0,0,0,0
2678,probate,0,1,0,0
2679,probated,0,0,0,0
2680,probates,0,0,0,0
2681,probating,0,0,0,0
2682,probation,0,0,0,1
2683,probational,0,0,0,0
2684,probationary,0,0,0,0
2685,probationer,0,0,0,0
2686,probationers,0,0,0,0
2687,probations,0,0,0,0
2688,problem,0,0,0,1
2689,problematic,0,0,0,1
2690,problematical,0,0,0,0
2691,problems,0,0,0,1
2692,proficiency,0,0,1,0
2693,proficient,0,0,1,0
2694,proficiently,0,0,0,0
2695,profitability,0,0,0,0
2696,profitable,0,0,1,0
2697,profitably,0,0,0,0
2698,progress,0,0,1,0
2699,progressed,0,0,1,0
2700,progresses,0,0,0,0
2701,progressing,0,0,0,0
2702,prolong,0,0,0,1
2703,prolongation,0,0,0,0
2704,prolongations,0,0,0,0
2705,prolonged,0,0,0,1
2706,prolonging,0,0,0,1
2707,prolongs,0,0,0,0
2708,promulgate,0,1,0,0
2709,promulgated,0,0,0,0
2710,promulgates,0,0,0,0
2711,promulgating,0,1,0,0
2712,promulgation,0,1,0,0
2713,promulgations,0,0,0,0
2714,promulgator,0,0,0,0
2715,promulgators,0,0,0,0
2716,prone,0,0,0,1
2717,prorata,0,0,0,0
2718,proration,0,0,0,0
2719,prosecute,0,0,0,0
2720,prosecuted,0,0,0,0
2721,prosecutes,0,0,0,0
2722,prosecuting,0,0,0,0
2723,prosecution,0,0,0,0
2724,prosecutions,0,0,0,0
2725,prosecutor,0,0,0,0
2726,prosecutorial,0,0,0,0
2727,prosecutors,0,0,0,0
2728,prospered,0,0,0,0
2729,prospering,0,0,0,0
2730,prosperity,0,0,1,0
2731,prosperous,0,0,0,0
2732,prospers,0,0,0,0
2733,protest,0,0,0,1
2734,protested,0,0,0,0
2735,protester,0,0,0,0
2736,protesters,0,0,0,0
2737,protesting,0,0,0,0
2738,protestor,0,0,0,0
2739,protestors,0,0,0,0
2740,protests,0,0,0,1
2741,protracted,0,0,0,1
2742,protraction,0,0,0,0
2743,proviso,0,1,0,0
2744,provisoes,0,0,0,0
2745,provisos,0,0,0,0
2746,provoke,0,0,0,1
2747,provoked,0,0,0,0
2748,provokes,0,0,0,0
2749,provoking,0,0,0,0
2750,punishable,0,0,0,0
2751,punished,0,0,0,1
2752,punishes,0,0,0,0
2753,punishing,0,0,0,0
2754,punishment,0,0,0,0
2755,punishments,0,0,0,0
2756,punitive,0,0,0,0
2757,purport,0,0,0,0
2758,purported,0,0,0,0
2759,purportedly,0,0,0,0
2760,purporting,0,0,0,0
2761,purports,0,0,0,0
2762,question,0,0,0,1
2763,questionable,0,0,0,0
2764,questionably,0,0,0,0
2765,questioned,0,0,0,1
2766,questioning,0,0,0,1
2767,questions,0,0,0,1
2768,quit,0,0,0,0
2769,quitclaim,0,0,0,0
2770,quitclaims,0,0,0,0
2771,quitting,0,0,0,0
2772,racketeer,0,0,0,0
2773,racketeering,0,0,0,0
2774,random,0,0,0,0
2775,randomize,0,0,0,0
2776,randomized,0,0,0,0
2777,randomizes,0,0,0,0
2778,randomizing,0,0,0,0
2779,randomly,0,0,0,0
2780,randomness,0,0,0,0
2781,rata,0,0,0,0
2782,ratable,0,0,0,0
2783,ratably,0,0,0,0
2784,rationalization,0,0,0,1
2785,rationalizations,0,0,0,1
2786,rationalize,0,0,0,1
2787,rationalized,0,0,0,0
2788,rationalizes,0,0,0,0
2789,rationalizing,0,0,0,1
2790,reargument,0,1,0,0
2791,reassess,1,0,0,0
2792,reassessed,1,0,0,0
2793,reassesses,1,0,0,0
2794,reassessing,0,0,0,0
2795,reassessment,0,0,0,0
2796,reassessments,0,0,0,0
2797,reassign,0,0,0,0
2798,reassigned,0,0,0,0
2799,reassigning,0,0,0,1
2800,reassignment,0,0,0,1
2801,reassignments,0,0,0,0
2802,reassigns,0,0,0,0
2803,rebound,0,0,1,0
2804,rebounded,0,0,1,0
2805,rebounding,0,0,0,0
2806,rebut,0,0,0,0
2807,rebuts,0,0,0,0
2808,rebuttable,0,0,0,0
2809,rebuttably,0,0,0,0
2810,rebuttal,0,1,0,0
2811,rebuttals,0,0,0,0
2812,rebutted,0,0,0,0
2813,rebutting,0,0,0,1
2814,recalculate,0,1,0,0
2815,recalculated,1,0,0,0
2816,recalculates,0,0,0,0
2817,recalculating,0,0,0,0
2818,recalculation,0,0,0,0
2819,recalculations,0,0,0,1
2820,recall,0,0,0,1
2821,recalled,0,0,0,1
2822,recalling,0,0,0,1
2823,recalls,0,0,0,1
2824,receptive,0,0,1,0
2825,recession,0,0,0,1
2826,recessionary,0,0,0,1
2827,recessions,0,0,0,0
2828,reckless,0,0,0,0
2829,recklessly,0,0,0,0
2830,recklessness,0,0,0,1
2831,reconsider,0,0,0,0
2832,reconsidered,0,0,0,0
2833,reconsidering,0,0,0,0
2834,reconsiders,1,0,0,0
2835,recordation,0,0,0,0
2836,recoupable,0,0,0,0
2837,recoupment,0,0,0,0
2838,recoupments,0,0,0,1
2839,recourse,0,0,0,0
2840,recourses,0,0,0,0
2841,rectification,0,0,0,1
2842,rectifications,0,0,0,0
2843,recusal,0,0,0,0
2844,recuse,0,0,0,0
2845,recused,0,0,0,0
2846,recuses,0,0,0,0
2847,recusing,0,0,0,0
2848,redact,0,0,0,0
2849,redacted,0,0,0,0
2850,redacting,0,0,0,0
2851,redaction,0,0,0,0
2852,redactions,0,0,0,0
2853,redefault,0,0,0,0
2854,redefaulted,0,0,0,0
2855,redefaults,0,0,0,0
2856,redress,0,0,0,1
2857,redressed,0,0,0,0
2858,redresses,0,0,0,0
2859,redressing,0,0,0,0
2860,reexamination,0,1,0,0
2861,reexamine,1,0,0,0
2862,reexamining,1,0,0,0
2863,referenda,0,1,0,0
2864,referendum,0,1,0,0
2865,referendums,0,0,0,0
2866,refile,0,0,0,0
2867,refiled,0,0,0,0
2868,refiles,0,0,0,0
2869,refiling,0,1,0,0
2870,refusal,0,0,0,0
2871,refusals,0,0,0,0
2872,refuse,0,0,0,1
2873,refused,0,0,0,1
2874,refuses,0,0,0,0
2875,refusing,0,0,0,0
2876,regain,0,0,1,0
2877,regained,0,0,0,0
2878,regaining,0,0,0,1
2879,regulate,0,0,0,0
2880,regulated,0,0,0,0
2881,regulates,0,0,0,0
2882,regulating,0,0,0,0
2883,regulation,0,1,0,0
2884,regulations,0,0,0,0
2885,regulative,0,0,0,0
2886,regulator,0,1,0,0
2887,regulators,0,1,0,0
2888,regulatory,0,0,0,0
2889,rehear,0,1,0,0
2890,reheard,0,0,0,0
2891,rehearing,0,1,0,0
2892,rehearings,0,0,0,0
2893,reinterpret,0,0,0,0
2894,reinterpretation,0,0,0,0
2895,reinterpretations,0,0,0,0
2896,reinterpreted,0,0,0,0
2897,reinterpreting,0,0,0,0
2898,reinterprets,0,0,0,0
2899,reject,0,0,0,1
2900,rejected,0,0,0,1
2901,rejecting,0,0,0,0
2902,rejection,0,0,0,1
2903,rejections,0,0,0,1
2904,rejects,0,0,0,1
2905,releasees,0,0,0,0
2906,relinquish,0,0,0,0
2907,relinquished,0,0,0,0
2908,relinquishes,0,0,0,0
2909,relinquishing,0,0,0,0
2910,relinquishment,0,1,0,0
2911,relinquishments,0,0,0,0
2912,reluctance,0,0,0,1
2913,reluctant,0,0,0,0
2914,remand,0,1,0,0
2915,remanded,0,0,0,0
2916,remanding,0,1,0,0
2917,remands,0,0,0,0
2918,remediate,0,0,0,0
2919,remediated,0,0,0,0
2920,remediating,0,0,0,0
2921,remediation,0,0,0,0
2922,remediations,0,0,0,0
2923,remedied,0,0,0,1
2924,remised,0,0,0,0
2925,renegotiate,0,0,0,0
2926,renegotiated,0,0,0,1
2927,renegotiates,0,0,0,0
2928,renegotiating,0,0,0,1
2929,renegotiation,0,0,0,1
2930,renegotiations,0,0,0,1
2931,renounce,0,1,0,0
2932,renounced,0,0,0,0
2933,renouncement,0,0,0,0
2934,renouncements,0,0,0,0
2935,renounces,0,0,0,0
2936,renouncing,0,0,0,0
2937,reparation,0,0,0,0
2938,reparations,0,0,0,0
2939,repledged,0,0,0,0
2940,replevin,0,0,0,0
2941,repossessed,0,0,0,1
2942,repossesses,0,0,0,0
2943,repossessing,0,0,0,1
2944,repossession,0,0,0,0
2945,repossessions,0,0,0,0
2946,repudiate,0,0,0,0
2947,repudiated,0,0,0,1
2948,repudiates,0,0,0,0
2949,repudiating,0,0,0,0
2950,repudiation,0,0,0,0
2951,repudiations,0,0,0,0
2952,requester,0,0,0,0
2953,requestor,0,0,0,0
2954,reregulation,0,0,0,0
2955,rescind,0,0,0,0
2956,rescinded,0,0,0,1
2957,rescinding,0,0,0,0
2958,rescinds,0,0,0,0
2959,rescission,0,0,0,0
2960,rescissions,0,0,0,1
2961,resign,0,0,0,0
2962,resignation,0,0,0,1
2963,resignations,0,0,0,1
2964,resigned,0,0,0,0
2965,resigning,0,0,0,1
2966,resigns,0,0,0,1
2967,resolve,0,0,0,0
2968,restate,0,0,0,0
2969,restated,0,0,0,0
2970,restatement,0,0,0,1
2971,restatements,0,0,0,0
2972,restates,0,0,0,0
2973,restating,0,0,0,0
2974,restitutionary,0,0,0,0
2975,restructure,0,0,0,1
2976,restructured,0,0,0,1
2977,restructures,0,0,0,1
2978,restructuring,0,0,0,1
2979,restructurings,0,0,0,1
2980,retaliate,0,0,0,0
2981,retaliated,0,0,0,0
2982,retaliates,0,0,0,0
2983,retaliating,0,0,0,0
2984,retaliation,0,0,0,1
2985,retaliations,0,0,0,0
2986,retaliatory,0,0,0,1
2987,retendering,0,0,0,0
2988,retribution,0,0,0,0
2989,retributions,0,0,0,0
2990,retrocede,0,0,0,0
2991,retroceded,0,1,0,0
2992,retrocessionaires,0,1,0,0
2993,revise,0,0,0,0
2994,revised,0,0,0,0
2995,revocability,0,0,0,0
2996,revocation,0,0,0,0
2997,revocations,0,0,0,0
2998,revoke,0,0,0,1
2999,revoked,0,0,0,1
3000,revokes,0,0,0,1
3001,revoking,0,0,0,0
3002,revolutionize,0,0,1,0
3003,revolutionized,0,0,1,0
3004,revolutionizes,0,0,0,0
3005,revolutionizing,0,0,1,0
3006,reward,0,0,1,0
3007,rewarded,0,0,1,0
3008,rewarding,0,0,1,0
3009,rewards,0,0,1,0
3010,ridicule,0,0,0,0
3011,ridiculed,0,0,0,0
3012,ridicules,0,0,0,0
3013,ridiculing,0,0,0,0
3014,risk,1,0,0,0
3015,risked,0,0,0,0
3016,riskier,0,0,0,0
3017,riskiest,0,0,0,0
3018,riskiness,0,0,0,1
3019,risking,0,0,0,1
3020,risks,1,0,0,0
3021,risky,0,0,0,0
3022,roughly,1,0,0,0
3023,ruling,0,0,0,0
3024,rulings,0,1,0,0
3025,rumors,0,0,0,1
3026,sabotage,0,0,0,1
3027,sacrifice,0,0,0,1
3028,sacrificed,0,0,0,0
3029,sacrifices,0,0,0,0
3030,sacrificial,0,0,0,0
3031,sacrificing,0,0,1,0
3032,satisfaction,0,0,1,0
3033,satisfactorily,0,0,0,0
3034,satisfactory,0,0,1,0
3035,satisfied,0,0,0,0
3036,satisfies,0,0,0,0
3037,satisfy,0,0,0,0
3038,satisfying,0,0,0,0
3039,scandalous,0,0,0,0
3040,scandals,0,0,0,0
3041,scrutinize,0,0,0,0
3042,scrutinized,0,0,0,0
3043,scrutinizes,0,0,0,0
3044,scrutinizing,0,0,0,0
3045,scrutiny,0,0,0,0
3046,secrecy,0,0,0,0
3047,seems,0,0,0,0
3048,seize,0,0,0,1
3049,seized,0,0,0,1
3050,seizes,0,0,0,0
3051,seizing,0,0,0,1
3052,seldom,0,0,0,0
3053,seldomly,0,0,0,0
3054,sentenced,0,0,0,0
3055,sentencing,0,1,0,0
3056,sequestrator,0,0,0,0
3057,serious,0,0,0,1
3058,seriously,0,0,0,1
3059,seriousness,0,0,0,1
3060,setback,0,0,0,1
3061,setbacks,0,0,0,1
3062,settlement,0,1,0,0
3063,settlements,0,0,0,0
3064,sever,0,0,0,0
3065,severability,0,0,0,0
3066,severable,0,0,0,0
3067,severally,0,0,0,0
3068,severance,0,0,0,0
3069,severances,0,0,0,0
3070,severe,0,0,0,1
3071,severed,0,0,0,1
3072,severely,0,0,0,1
3073,severities,0,0,0,0
3074,severity,0,0,0,0
3075,shall,0,0,0,0
3076,sharply,0,0,0,1
3077,shocked,0,0,0,0
3078,shortage,0,0,0,1
3079,shortages,0,0,0,1
3080,shortfall,0,0,0,1
3081,shortfalls,0,0,0,1
3082,shrinkage,0,0,0,1
3083,shrinkages,0,0,0,0
3084,shut,0,0,0,1
3085,shutdown,0,0,0,1
3086,shutdowns,0,0,0,1
3087,shuts,0,0,0,1
3088,shutting,0,0,0,1
3089,slander,0,0,0,1
3090,slandered,0,0,0,0
3091,slanderous,0,0,0,0
3092,slanders,0,0,0,0
3093,slippage,0,0,0,1
3094,slippages,0,0,0,0
3095,slow,0,0,0,1
3096,slowdown,0,0,0,1
3097,slowdowns,0,0,0,1
3098,slowed,0,0,0,1
3099,slower,0,0,0,1
3100,slowest,0,0,0,0
3101,slowing,0,0,0,1
3102,slowly,0,0,0,0
3103,slowness,0,0,0,1
3104,sluggish,0,0,0,0
3105,sluggishly,0,0,0,0
3106,sluggishness,0,0,0,0
3107,smooth,0,0,1,0
3108,smoothing,0,0,0,0
3109,smoothly,0,0,0,0
3110,smooths,0,0,0,0
3111,solvencies,0,0,0,0
3112,solvency,0,1,0,0
3113,solves,0,0,0,1
3114,solving,0,0,1,0
3115,sometime,0,0,0,0
3116,sometimes,0,0,0,0
3117,somewhat,0,0,0,0
3118,somewhere,0,0,0,0
3119,spam,0,0,0,0
3120,spammers,0,0,0,0
3121,spamming,0,0,0,1
3122,spectacular,0,0,1,0
3123,spectacularly,0,0,0,0
3124,speculate,1,0,0,0
3125,speculated,0,0,0,0
3126,speculates,0,0,0,0
3127,speculating,0,0,0,0
3128,speculation,0,0,0,1
3129,speculations,0,0,0,0
3130,speculative,0,0,0,0
3131,speculatively,0,0,0,0
3132,sporadic,0,0,0,0
3133,sporadically,0,0,0,1
3134,stability,0,0,1,0
3135,stabilization,0,0,0,0
3136,stabilizations,0,0,0,0
3137,stabilize,0,0,0,0
3138,stabilized,0,0,0,0
3139,stabilizes,0,0,1,0
3140,stabilizing,0,0,1,0
3141,stable,0,0,1,0
3142,staggering,0,0,0,0
3143,stagnant,0,0,0,1
3144,stagnate,0,0,0,1
3145,stagnated,0,0,0,1
3146,stagnates,0,0,0,0
3147,stagnating,0,0,0,0
3148,stagnation,0,0,0,1
3149,standstill,0,1,0,0
3150,standstills,0,0,0,0
3151,statute,0,1,0,0
3152,statutes,0,1,0,0
3153,statutorily,0,1,0,0
3154,statutory,0,1,0,0
3155,stolen,0,0,0,1
3156,stoppage,0,0,0,1
3157,stoppages,0,0,0,1
3158,stopped,0,0,0,1
3159,stopping,0,0,0,1
3160,stops,0,0,0,1
3161,strain,0,0,0,1
3162,strained,0,0,0,1
3163,straining,0,0,0,1
3164,strains,0,0,0,0
3165,strength,0,0,1,0
3166,strengthen,0,0,1,0
3167,strengthened,0,0,1,0
3168,strengthening,0,0,1,0
3169,strengthens,0,0,1,0
3170,strengths,0,0,1,0
3171,stress,0,0,0,0
3172,stressed,0,0,0,1
3173,stresses,0,0,0,1
3174,stressful,0,0,0,0
3175,stressing,0,0,1,0
3176,stringent,0,0,0,0
3177,strong,0,0,1,0
3178,stronger,0,0,1,0
3179,strongest,0,0,1,0
3180,subclause,0,0,0,0
3181,subclauses,0,0,0,0
3182,subdocket,0,0,0,0
3183,subjected,0,0,0,1
3184,subjecting,0,0,0,1
3185,subjection,0,0,0,0
3186,subleasee,0,0,0,0
3187,subleasehold,0,0,0,0
3188,sublessors,0,0,0,0
3189,sublicensee,0,1,0,0
3190,sublicensor,0,0,0,0
3191,subparagraph,0,1,0,0
3192,subparagraphs,0,1,0,0
3193,subpoena,0,0,0,0
3194,subpoenaed,0,0,0,0
3195,subpoenas,0,0,0,0
3196,subrogated,0,1,0,0
3197,subrogation,0,0,0,0
3198,substandard,0,0,0,0
3199,subtrust,0,0,0,0
3200,subtrusts,0,0,0,0
3201,succeed,0,0,1,0
3202,succeeded,0,0,0,0
3203,succeeding,0,0,0,0
3204,succeeds,0,0,0,0
3205,success,0,0,1,0
3206,successes,0,0,1,0
3207,successful,0,0,1,0
3208,successfully,0,0,1,0
3209,sudden,0,0,0,1
3210,suddenly,0,0,0,1
3211,sue,0,0,0,0
3212,sued,0,0,0,1
3213,sues,0,0,0,1
3214,suffer,0,0,0,1
3215,suffered,0,0,0,1
3216,suffering,0,0,0,1
3217,suffers,0,0,0,1
3218,suggest,1,0,0,0
3219,suggested,0,0,0,0
3220,suggesting,0,0,0,1
3221,suggests,1,0,0,0
3222,suing,0,0,0,0
3223,summoned,0,0,0,0
3224,summoning,0,0,0,0
3225,summons,0,0,0,0
3226,summonses,0,0,0,0
3227,superior,0,0,1,0
3228,supersede,0,1,0,0
3229,supersedeas,0,1,0,0
3230,superseded,0,0,0,0
3231,supersedes,0,0,0,0
3232,superseding,0,0,0,0
3233,sureties,0,1,0,0
3234,surety,0,0,0,0
3235,surpass,0,0,1,0
3236,surpassed,0,0,1,0
3237,surpasses,0,0,1,0
3238,surpassing,0,0,1,0
3239,susceptibility,0,0,0,1
3240,susceptible,0,0,0,0
3241,suspect,0,0,0,1
3242,suspected,0,0,0,1
3243,suspects,0,0,0,1
3244,suspend,0,0,0,1
3245,suspended,0,0,0,1
3246,suspending,0,0,0,1
3247,suspends,0,0,0,1
3248,suspension,0,0,0,1
3249,suspensions,0,0,0,1
3250,suspicion,0,0,0,1
3251,suspicions,0,0,0,0
3252,suspicious,0,0,0,1
3253,suspiciously,0,0,0,0
3254,taint,0,0,0,0
3255,tainted,0,0,0,1
3256,tainting,0,0,0,1
3257,taints,0,0,0,0
3258,tampered,0,0,0,1
3259,tenantability,0,0,0,0
3260,tending,0,0,0,0
3261,tense,0,0,0,0
3262,tentative,0,1,0,0
3263,tentatively,0,1,0,0
3264,terminable,0,0,0,0
3265,terminate,0,0,0,1
3266,terminated,0,0,0,1
3267,terminates,0,0,0,1
3268,terminating,0,0,0,1
3269,termination,0,0,0,1
3270,terminations,0,0,0,1
3271,terminus,0,0,0,0
3272,testamentary,0,0,0,0
3273,testify,0,0,0,0
3274,testifying,0,0,0,0
3275,testimony,0,1,0,0
3276,thence,0,0,0,0
3277,thenceforth,0,0,0,0
3278,thenceforward,0,0,0,0
3279,thereafter,1,0,0,0
3280,thereat,0,0,0,0
3281,therefrom,0,0,0,0
3282,therein,0,1,0,0
3283,thereinafter,0,0,0,0
3284,thereof,0,0,0,0
3285,thereon,0,1,0,0
3286,thereover,0,0,0,0
3287,thereto,0,1,0,0
3288,theretofor,0,0,0,0
3289,theretofore,0,0,0,0
3290,thereunder,0,1,0,0
3291,thereunto,0,0,0,0
3292,thereupon,0,1,0,0
3293,therewith,0,0,0,0
3294,threat,0,0,0,1
3295,threaten,0,0,0,1
3296,threatened,0,0,0,0
3297,threatening,0,0,0,1
3298,threatens,0,0,0,1
3299,threats,0,0,0,1
3300,tightening,0,0,0,1
3301,tolerate,0,0,0,1
3302,tolerated,0,0,0,0
3303,tolerates,0,0,0,0
3304,tolerating,0,0,0,0
3305,toleration,0,0,0,0
3306,tort,0,0,0,0
3307,tortious,0,0,0,0
3308,tortiously,0,0,0,0
3309,torts,0,0,0,0
3310,tortuous,0,0,0,1
3311,tortuously,0,0,0,0
3312,tragedies,0,0,0,0
3313,tragedy,0,0,0,0
3314,tragic,0,0,0,1
3315,tragically,0,0,0,0
3316,transferor,0,1,0,0
3317,transferors,0,0,0,0
3318,transparency,0,0,0,0
3319,traumatic,0,0,0,1
3320,tremendous,0,0,1,0
3321,tremendously,0,0,0,0
3322,trouble,0,0,0,1
3323,troubled,0,0,0,0
3324,troubles,0,0,0,1
3325,turbulence,0,0,0,1
3326,turmoil,0,0,0,0
3327,unable,0,0,0,0
3328,unacceptable,0,0,0,1
3329,unacceptably,0,0,0,1
3330,unaccounted,0,0,0,0
3331,unannounced,0,0,0,0
3332,unanticipated,0,0,0,1
3333,unappealable,0,1,0,0
3334,unappealed,0,0,0,0
3335,unapproved,0,0,0,1
3336,unattractive,0,0,0,1
3337,unauthorized,0,0,0,1
3338,unavailability,0,0,0,1
3339,unavailable,0,0,0,1
3340,unavoidable,0,0,0,0
3341,unavoidably,0,0,0,0
3342,unaware,0,0,0,0
3343,uncertain,0,0,0,0
3344,uncertainly,0,0,0,1
3345,uncertainties,1,0,0,0
3346,uncertainty,1,0,0,0
3347,unclear,0,0,0,0
3348,uncollectable,0,0,0,1
3349,uncollected,0,0,0,1
3350,uncollectibility,0,0,0,1
3351,uncollectible,0,0,0,1
3352,uncollectibles,0,0,0,0
3353,uncompetitive,0,0,0,1
3354,uncompleted,0,0,0,0
3355,unconfirmed,0,0,0,0
3356,unconscionable,0,0,0,0
3357,unconscionably,0,0,0,0
3358,unconstitutional,0,0,0,1
3359,unconstitutionality,0,0,0,0
3360,unconstitutionally,0,0,0,0
3361,uncontracted,0,0,0,1
3362,uncontrollable,0,0,0,1
3363,uncontrollably,0,0,0,0
3364,uncontrolled,0,0,0,1
3365,uncorrected,0,0,0,1
3366,uncover,0,0,0,1
3367,uncovered,0,0,0,1
3368,uncovering,0,0,0,1
3369,uncovers,0,0,0,0
3370,undecided,0,0,0,0
3371,undefeased,0,0,0,0
3372,undefined,0,0,0,0
3373,undeliverable,0,0,0,1
3374,undelivered,0,0,0,0
3375,undercapitalized,0,0,0,0
3376,undercut,0,0,0,1
3377,undercuts,0,0,0,0
3378,undercutting,0,0,0,0
3379,underestimate,0,0,0,1
3380,underestimated,0,0,0,1
3381,underestimates,0,0,0,1
3382,underestimating,0,0,0,1
3383,underestimation,0,0,0,1
3384,underfunded,0,0,0,0
3385,underinsured,0,0,0,1
3386,undermine,0,0,0,1
3387,undermined,0,0,0,1
3388,undermines,0,0,0,0
3389,undermining,0,0,0,1
3390,underpaid,0,0,0,0
3391,underpayment,0,0,0,1
3392,underpayments,0,0,0,0
3393,underpays,0,0,0,0
3394,underperform,0,0,0,0
3395,underperformance,0,0,0,0
3396,underperformed,0,0,0,1
3397,underperforming,0,0,0,1
3398,underperforms,0,0,0,0
3399,underproduced,0,0,0,0
3400,underproduction,0,0,0,1
3401,underreporting,0,0,0,1
3402,understate,0,0,0,0
3403,understated,0,0,0,1
3404,understatement,0,0,0,1
3405,understatements,0,0,0,0
3406,understates,0,0,0,0
3407,understating,0,0,0,0
3408,underutilization,0,0,0,1
3409,underutilized,0,0,0,1
3410,undesignated,0,0,0,0
3411,undesirable,0,0,0,1
3412,undesired,0,0,0,1
3413,undetectable,0,0,0,1
3414,undetected,0,0,0,1
3415,undeterminable,1,0,0,0
3416,undetermined,0,0,0,0
3417,undischarged,0,0,0,0
3418,undisclosed,0,0,0,1
3419,undocumented,0,0,0,0
3420,undue,0,0,0,0
3421,unduly,0,0,0,0
3422,uneconomic,0,0,0,1
3423,uneconomical,0,0,0,1
3424,uneconomically,0,0,0,0
3425,unemployed,0,0,0,1
3426,unemployment,0,0,0,0
3427,unencumber,0,0,0,0
3428,unencumbered,0,0,0,0
3429,unenforceability,0,0,0,1
3430,unenforceable,0,0,0,0
3431,unethical,0,0,0,1
3432,unethically,0,0,0,0
3433,unexcused,0,0,0,0
3434,unexpected,0,0,0,1
3435,unexpectedly,0,0,0,1
3436,unfair,0,0,0,1
3437,unfairly,0,0,0,1
3438,unfamiliar,0,0,0,0
3439,unfamiliarity,0,0,0,0
3440,unfavorability,0,0,0,0
3441,unfavorable,0,0,0,1
3442,unfavorably,0,0,0,0
3443,unfavourable,0,0,0,0
3444,unfeasible,0,0,0,1
3445,unfit,0,0,0,1
3446,unfitness,0,0,0,0
3447,unforecasted,0,0,0,0
3448,unforeseeable,0,0,0,1
3449,unforeseen,0,0,0,1
3450,unforseen,0,0,0,1
3451,unfortunate,0,0,0,1
3452,unfortunately,0,0,0,1
3453,unfounded,0,0,0,1
3454,unfriendly,0,0,0,1
3455,unfulfilled,0,0,0,0
3456,unfunded,1,0,0,0
3457,unguaranteed,0,0,0,0
3458,unhedged,0,0,0,0
3459,unidentifiable,0,0,0,0
3460,unidentified,0,0,0,0
3461,uninsured,0,0,0,1
3462,unintended,0,0,0,1
3463,unintentional,0,0,0,1
3464,unintentionally,0,0,0,1
3465,unjust,0,0,0,0
3466,unjustifiable,0,0,0,0
3467,unjustifiably,0,0,0,0
3468,unjustified,0,0,0,1
3469,unjustly,0,0,0,0
3470,unknowing,0,0,0,0
3471,unknowingly,0,0,0,1
3472,unknown,0,0,0,0
3473,unknowns,0,0,0,0
3474,unlawful,0,0,0,1
3475,unlawfully,0,0,0,1
3476,unlawfulness,0,0,0,0
3477,unlicensed,0,0,0,0
3478,unliquidated,0,0,0,0
3479,unmarketable,0,0,0,1
3480,unmatched,0,0,1,0
3481,unmerchantable,0,0,0,0
3482,unmeritorious,0,0,0,1
3483,unnecessarily,0,0,0,1
3484,unnecessary,0,0,0,1
3485,unneeded,0,0,0,1
3486,unobservable,0,0,0,0
3487,unobtainable,0,0,0,1
3488,unoccupied,0,0,0,1
3489,unpaid,0,0,0,0
3490,unparalleled,0,0,1,0
3491,unperformed,0,0,0,0
3492,unplanned,0,0,0,1
3493,unpopular,0,0,0,1
3494,unpredictability,0,0,0,0
3495,unpredictable,0,0,0,0
3496,unpredictably,0,0,0,0
3497,unpredicted,0,0,0,0
3498,unproductive,0,0,0,1
3499,unprofitability,0,0,0,0
3500,unprofitable,0,0,0,1
3501,unproved,0,0,0,1
3502,unproven,0,0,0,0
3503,unqualified,0,0,0,0
3504,unquantifiable,0,0,0,0
3505,unquantified,0,0,0,0
3506,unrealistic,0,0,0,0
3507,unreasonable,0,0,0,1
3508,unreasonableness,0,0,0,0
3509,unreasonably,0,0,0,0
3510,unreceptive,0,0,0,0
3511,unreconciled,0,0,0,0
3512,unrecoverable,0,0,0,1
3513,unrecovered,0,0,0,0
3514,unreimbursed,0,0,0,0
3515,unreliable,0,0,0,1
3516,unremediated,0,0,0,0
3517,unremedied,0,0,0,1
3518,unreported,0,0,0,0
3519,unresolved,0,0,0,0
3520,unrest,0,0,0,0
3521,unsafe,0,0,0,0
3522,unsalable,0,0,0,1
3523,unsaleable,0,0,0,1
3524,unsatisfactory,0,0,0,1
3525,unsatisfied,0,0,0,0
3526,unsavory,0,0,0,0
3527,unscheduled,0,0,0,0
3528,unseasonable,0,0,0,1
3529,unseasonably,0,0,0,0
3530,unsellable,0,0,0,1
3531,unsettled,0,0,0,0
3532,unsold,0,0,0,1
3533,unsound,0,0,0,0
3534,unspecific,0,0,0,0
3535,unspecified,0,0,0,0
3536,unstabilized,0,0,0,0
3537,unstable,0,0,0,1
3538,unstayed,0,0,0,0
3539,unsubstantiated,0,0,0,1
3540,unsuccessful,0,0,0,1
3541,unsuccessfully,0,0,0,0
3542,unsuitability,0,0,0,0
3543,unsuitable,0,0,0,1
3544,unsuitably,0,0,0,0
3545,unsuited,0,0,0,0
3546,unsure,1,0,0,0
3547,unsurpassed,0,0,1,0
3548,unsuspected,0,0,0,0
3549,unsuspecting,0,0,0,1
3550,unsustainable,0,0,0,1
3551,untenable,0,0,0,1
3552,untested,1,0,0,0
3553,untimely,0,0,0,1
3554,unto,0,0,0,0
3555,untrusted,0,0,0,0
3556,untruth,0,0,0,0
3557,untruthful,0,0,0,0
3558,untruthfully,0,0,0,0
3559,untruthfulness,0,0,0,0
3560,untruths,0,0,0,0
3561,unusable,0,0,0,1
3562,unusual,0,0,0,1
3563,unusually,0,0,0,1
3564,unwanted,0,0,0,1
3565,unwarranted,0,0,0,1
3566,unwelcome,0,0,0,0
3567,unwilling,0,0,0,1
3568,unwillingness,0,0,0,1
3569,unwritten,0,1,0,0
3570,upset,0,0,0,1
3571,upturn,0,0,0,0
3572,upturns,0,0,0,1
3573,urgency,0,0,0,1
3574,urgent,0,0,0,0
3575,usurious,0,0,0,0
3576,usurp,0,0,0,0
3577,usurpation,0,0,0,0
3578,usurped,0,0,0,0
3579,usurping,0,0,0,0
3580,usurps,0,0,0,0
3581,usury,0,0,0,0
3582,vagaries,0,0,0,0
3583,vague,0,0,0,0
3584,vaguely,0,0,0,0
3585,vagueness,0,0,0,0
3586,vaguenesses,0,0,0,0
3587,vaguer,0,0,0,0
3588,vaguest,0,0,0,0
3589,valuable,0,0,1,0
3590,vandalism,0,0,0,1
3591,variability,1,0,0,0
3592,variable,0,0,0,0
3593,variables,1,0,0,0
3594,variably,0,0,0,0
3595,variance,0,0,0,0
3596,variances,0,0,0,0
3597,variant,0,0,0,0
3598,variants,0,0,0,0
3599,variation,1,0,0,0
3600,variations,1,0,0,0
3601,varied,1,0,0,0
3602,varies,1,0,0,0
3603,vary,1,0,0,0
3604,varying,1,0,0,0
3605,vendee,0,0,0,0
3606,vendees,0,0,0,0
3607,verdict,0,0,0,0
3608,verdicts,0,0,0,0
3609,versatile,0,0,1,0
3610,versatility,0,0,1,0
3611,vetoed,0,1,0,0
3612,viatical,0,0,0,0
3613,vibrancy,0,0,0,0
3614,vibrant,0,0,1,0
3615,victims,0,0,0,1
3616,violate,0,0,0,1
3617,violated,0,0,0,0
3618,violates,0,0,0,1
3619,violating,0,0,0,1
3620,violation,0,0,0,1
3621,violations,0,0,0,1
3622,violative,0,0,0,1
3623,violator,0,0,0,0
3624,violators,0,0,0,0
3625,violence,0,0,0,1
3626,violent,0,0,0,1
3627,violently,0,0,0,0
3628,vitiate,0,0,0,0
3629,vitiated,0,0,0,0
3630,vitiates,0,0,0,0
3631,vitiating,0,0,0,0
3632,vitiation,0,0,0,0
3633,voidable,0,0,0,0
3634,voided,0,0,0,0
3635,voiding,0,0,0,0
3636,volatile,0,0,0,0
3637,volatilities,0,0,0,0
3638,volatility,0,0,0,0
3639,vulnerabilities,0,0,0,0
3640,vulnerability,0,0,0,0
3641,vulnerable,0,0,0,1
3642,vulnerably,0,0,0,0
3643,warn,0,0,0,1
3644,warned,0,0,0,1
3645,warning,0,0,0,1
3646,warnings,0,0,0,1
3647,warns,0,0,0,1
3648,warrantees,0,0,0,0
3649,warrantor,0,0,0,1
3650,wasted,0,0,0,0
3651,wasteful,0,0,0,1
3652,wasting,0,0,0,1
3653,weak,0,0,0,1
3654,weaken,0,0,0,1
3655,weakened,0,0,0,1
3656,weakening,0,0,0,1
3657,weakens,0,0,0,0
3658,weaker,0,0,0,1
3659,weakest,0,0,0,0
3660,weakly,0,0,0,0
3661,weakness,0,0,0,1
3662,weaknesses,0,0,0,1
3663,whatever,0,0,0,0
3664,whatsoever,0,0,0,0
3665,whensoever,0,0,0,0
3666,whereabouts,0,0,0,0
3667,whereas,0,0,0,0
3668,whereat,0,0,0,0
3669,whereby,0,1,0,0
3670,wherefore,0,0,0,0
3671,wherein,0,1,0,0
3672,whereof,0,0,0,0
3673,whereon,0,0,0,0
3674,whereto,0,0,0,0
3675,whereunder,0,1,0,0
3676,whereupon,0,1,0,0
3677,wherewith,0,0,0,0
3678,whistleblowers,0,0,0,0
3679,whomever,0,0,0,0
3680,whomsoever,0,0,0,0
3681,whosoever,0,0,0,0
3682,wilful,0,0,0,0
3683,willful,0,0,0,0
3684,willfully,0,0,0,1
3685,willfulness,0,0,0,0
3686,win,0,0,1,0
3687,winner,0,0,1,0
3688,winners,0,0,1,0
3689,winning,0,0,1,0
3690,witness,0,1,0,0
3691,witnesses,0,1,0,0
3692,worries,0,0,0,1
3693,worry,0,0,0,1
3694,worrying,0,0,0,0
3695,worse,0,0,0,1
3696,worsen,0,0,0,1
3697,worsened,0,0,0,1
3698,worsening,0,0,0,1
3699,worsens,0,0,0,1
3700,worst,0,0,0,0
3701,worthless,0,0,0,1
3702,worthy,0,0,1,0
3703,writ,0,0,0,0
3704,writedown,0,0,0,1
3705,writedowns,0,0,0,1
3706,writeoff,0,0,0,0
3707,writeoffs,0,0,0,1
3708,writs,0,1,0,0
3709,wrong,0,0,0,1
3710,wrongdoing,0,0,0,0
3711,wrongdoings,0,0,0,0
3712,wrongful,0,0,0,1
3713,wrongfully,0,0,0,0
3714,wrongly,0,0,0,1
